id,area
E02000001,0
E02000195,0
E02000393,0
E02006854,0
E02000786,0
E02000588,0
E02000978,0
E02004961,0
E02000033,0
E02000227,0
E02000425,0
E02000620,0
E02000818,0
E02004992,0
E02003302,0
E02000064,0
E02000258,0
E02000459,0
E02000651,0
E02000849,0
E02006376,0
E02000290,0
E02000490,0
E02000683,0
E02000881,0
E02000096,0
E02005055,0
E02004865,0
E02000127,0
E02000323,0
E02006788,0
E02000716,0
E02004896,0
E02000913,0
E02006407,0
E02000522,0
E02000160,0
E02000359,0
E02000554,0
E02000747,0
E02000944,0
E02004927,0
E02000192,0
E02000390,0
E02000585,0
E02000783,0
E02000975,0
E02004958,0
E02000030,0
E02000224,0
E02000422,0
E02006882,0
E02000616,0
E02000815,0
E02003299,0
E02004989,0
E02006342,0
E02000061,0
E02000255,0
E02000648,0
E02000455,0
E02000846,0
E02000093,0
E02000287,0
E02000487,0
E02000680,0
E02000878,0
E02004862,0
E02000124,0
E02000319,0
E02006785,0
E02000713,0
E02000910,0
E02000519,0
E02006404,0
E02004541,0
E02000356,0
E02000744,0
E02000941,0
E02000157,0
E02000551,0
E02000189,0
E02000387,0
E02000582,0
E02000780,0
E02000972,0
E02000027,0
E02000221,0
E02000419,0
E02000613,0
E02000812,0
E02006338,0
E02000252,0
E02000452,0
E02000645,0
E02000843,0
E02000058,0
E02000090,0
E02000284,0
E02000484,0
E02000677,0
E02000875,0
E02000121,0
E02000316,0
E02006782,0
E02000710,0
E02000907,0
E02000516,0
E02006433,0
E02000154,0
E02000353,0
E02000741,0
E02000938,0
E02004538,0
E02000548,0
E02000186,0
E02000384,0
E02000579,0
E02000776,0
E02000969,0
E02000024,0
E02000218,0
E02000416,0
E02000610,0
E02000808,0
E02000055,0
E02006335,0
E02000448,0
E02000642,0
E02000840,0
E02000249,0
E02006367,0
E02000281,0
E02000481,0
E02000674,0
E02004471,0
E02000872,0
E02000087,0
E02000118,0
E02000313,0
E02000513,0
E02000707,0
E02000904,0
E02000151,0
E02004535,0
E02000545,0
E02000350,0
E02000935,0
E02006430,0
E02000738,0
E02000183,0
E02000381,0
E02000576,0
E02000772,0
E02000966,0
E02000021,0
E02000215,0
E02000413,0
E02000607,0
E02000805,0
E02000052,0
E02000246,0
E02000444,0
E02000639,0
E02000837,0
E02006332,0
E02000084,0
E02004468,0
E02000478,0
E02004853,0
E02000869,0
E02000278,0
E02000671,0
E02006364,0
E02000115,0
E02000309,0
E02000510,0
E02000704,0
E02000901,0
E02000148,0
E02004532,0
E02000346,0
E02000735,0
E02000932,0
E02000542,0
E02000180,0
E02000378,0
E02000573,0
E02000768,0
E02000963,0
E02000018,0
E02000212,0
E02000410,0
E02000604,0
E02000802,0
E02004977,0
E02000049,0
E02000243,0
E02000441,0
E02000636,0
E02000834,0
E02006329,0
E02000081,0
E02004465,0
E02000475,0
E02004850,0
E02000866,0
E02000668,0
E02000275,0
E02005040,0
E02000112,0
E02000306,0
E02000507,0
E02000701,0
E02000898,0
E02000145,0
E02004529,0
E02000343,0
E02000732,0
E02000929,0
E02000539,0
E02000177,0
E02000375,0
E02000570,0
E02000764,0
E02000960,0
E02006836,0
E02004943,0
E02000015,0
E02000209,0
E02000407,0
E02000601,0
E02000799,0
E02004974,0
E02000046,0
E02000240,0
E02000438,0
E02000633,0
E02000831,0
E02006326,0
E02000078,0
E02000271,0
E02000472,0
E02006930,0
E02004847,0
E02000863,0
E02005037,0
E02000665,0
E02000109,0
E02000303,0
E02000503,0
E02000698,0
E02000895,0
E02000141,0
E02000340,0
E02006802,0
E02000729,0
E02000926,0
E02000536,0
E02000174,0
E02000372,0
E02000567,0
E02000760,0
E02000957,0
E02004940,0
E02000012,0
E02000206,0
E02000404,0
E02000598,0
E02000796,0
E02004971,0
E02000043,0
E02000237,0
E02000435,0
E02000630,0
E02000828,0
E02006323,0
E02003313,0
E02000074,0
E02000268,0
E02000469,0
E02000662,0
E02006927,0
E02000859,0
E02005034,0
E02000106,0
E02000300,0
E02000500,0
E02000695,0
E02000891,0
E02005065,0
E02004875,0
E02000138,0
E02000335,0
E02006799,0
E02000726,0
E02004906,0
E02005097,0
E02000533,0
E02000923,0
E02000171,0
E02000369,0
E02000564,0
E02000757,0
E02004554,0
E02000954,0
E02004937,0
E02000009,0
E02000202,0
E02000401,0
E02000595,0
E02000793,0
E02004968,0
E02000040,0
E02000234,0
E02000432,0
E02000627,0
E02000825,0
E02006320,0
E02003310,0
E02003690,0
E02000071,0
E02000265,0
E02000466,0
E02006924,0
E02000856,0
E02000659,0
E02005031,0
E02000103,0
E02000297,0
E02000497,0
E02000692,0
E02000888,0
E02005062,0
E02004872,0
E02000135,0
E02000332,0
E02006795,0
E02000723,0
E02005094,0
E02004903,0
E02000920,0
E02000530,0
E02006414,0
E02000168,0
E02000366,0
E02000561,0
E02000754,0
E02000951,0
E02004934,0
E02000005,0
E02000199,0
E02000397,0
E02000592,0
E02000790,0
E02000982,0
E02004965,0
E02000037,0
E02000231,0
E02000429,0
E02000624,0
E02000822,0
E02006317,0
E02003307,0
E02000068,0
E02000262,0
E02000463,0
E02000655,0
E02000853,0
E02005028,0
E02000100,0
E02000294,0
E02006380,0
E02000689,0
E02000885,0
E02005059,0
E02000494,0
E02004869,0
E02000132,0
E02000328,0
E02006792,0
E02000720,0
E02000917,0
E02004900,0
E02000526,0
E02005090,0
E02006411,0
E02000165,0
E02000363,0
E02000558,0
E02000751,0
E02000948,0
E02004931,0
E02000002,0
E02000196,0
E02000394,0
E02000589,0
E02000787,0
E02000979,0
E02004962,0
E02000034,0
E02000228,0
E02000426,0
E02000621,0
E02000819,0
E02004993,0
E02003303,0
E02000065,0
E02000259,0
E02000460,0
E02000652,0
E02000850,0
E02006346,0
E02000097,0
E02000291,0
E02006377,0
E02000685,0
E02000882,0
E02000491,0
E02005056,0
E02004866,0
E02000128,0
E02000324,0
E02006789,0
E02000717,0
E02004897,0
E02005087,0
E02000914,0
E02000523,0
E02006408,0
E02000161,0
E02000360,0
E02000555,0
E02000748,0
E02000945,0
E02004928,0
E02000193,0
E02000391,0
E02000586,0
E02000784,0
E02000976,0
E02004959,0
E02000031,0
E02000225,0
E02000423,0
E02000617,0
E02000816,0
E02004990,0
E02003300,0
E02000062,0
E02000256,0
E02000456,0
E02000649,0
E02000847,0
E02006343,0
E02000094,0
E02000288,0
E02000488,0
E02000681,0
E02000879,0
E02004863,0
E02000125,0
E02000320,0
E02006786,0
E02000714,0
E02000911,0
E02000520,0
E02006405,0
E02000158,0
E02000357,0
E02004542,0
E02000745,0
E02000942,0
E02000552,0
E02004925,0
E02000190,0
E02000388,0
E02000583,0
E02000781,0
E02000973,0
E02004956,0
E02000028,0
E02000222,0
E02000420,0
E02000614,0
E02000813,0
E02004987,0
E02000059,0
E02006339,0
E02000253,0
E02000646,0
E02000844,0
E02000453,0
E02004444,0
E02000091,0
E02000285,0
E02000485,0
E02000678,0
E02000876,0
E02004860,0
E02000122,0
E02000317,0
E02006783,0
E02000711,0
E02000908,0
E02000517,0
E02000155,0
E02004539,0
E02006434,0
E02000354,0
E02000939,0
E02000742,0
E02000549,0
E02000187,0
E02000385,0
E02000580,0
E02000777,0
E02000970,0
E02000025,0
E02000219,0
E02000417,0
E02000611,0
E02000809,0
E02004984,0
E02006336,0
E02000056,0
E02000250,0
E02000643,0
E02000841,0
E02000449,0
E02006368,0
E02000282,0
E02000088,0
E02004472,0
E02000873,0
E02000675,0
E02000482,0
E02000119,0
E02000314,0
E02000514,0
E02000708,0
E02000905,0
E02000152,0
E02000351,0
E02000546,0
E02000739,0
E02004536,0
E02000936,0
E02006431,0
E02000184,0
E02000382,0
E02000577,0
E02000773,0
E02000967,0
E02000022,0
E02000216,0
E02000414,0
E02000608,0
E02000806,0
E02000053,0
E02000247,0
E02000445,0
E02000640,0
E02000838,0
E02006333,0
E02000085,0
E02000279,0
E02006365,0
E02000672,0
E02000870,0
E02000479,0
E02004854,0
E02004469,0
E02000116,0
E02000311,0
E02000511,0
E02000705,0
E02000902,0
E02000149,0
E02004533,0
E02000347,0
E02000736,0
E02000933,0
E02000543,0
E02000181,0
E02000379,0
E02000574,0
E02000769,0
E02000964,0
E02000019,0
E02000213,0
E02000411,0
E02000605,0
E02000803,0
E02004978,0
E02000050,0
E02000244,0
E02000442,0
E02000637,0
E02000835,0
E02006330,0
E02006362,0
E02000082,0
E02004466,0
E02000669,0
E02004851,0
E02000476,0
E02000276,0
E02000867,0
E02000113,0
E02000307,0
E02000508,0
E02000702,0
E02000899,0
E02000146,0
E02000344,0
E02004530,0
E02000733,0
E02000930,0
E02000540,0
E02000178,0
E02000376,0
E02000571,0
E02006837,0
E02000961,0
E02000765,0
E02000016,0
E02000210,0
E02000408,0
E02000602,0
E02000800,0
E02004975,0
E02000047,0
E02000241,0
E02000439,0
E02000634,0
E02000832,0
E02006327,0
E02000079,0
E02000272,0
E02000473,0
E02000666,0
E02004848,0
E02000864,0
E02005038,0
E02006931,0
E02000110,0
E02000304,0
E02000504,0
E02000699,0
E02000896,0
E02000142,0
E02000341,0
E02000537,0
E02000730,0
E02000927,0
E02004527,0
E02000175,0
E02000373,0
E02000568,0
E02004941,0
E02000762,0
E02000958,0
E02000013,0
E02000207,0
E02000405,0
E02000599,0
E02000797,0
E02004972,0
E02000044,0
E02000238,0
E02000436,0
E02000631,0
E02000829,0
E02006324,0
E02000075,0
E02000269,0
E02000470,0
E02006928,0
E02000860,0
E02000663,0
E02005035,0
E02000107,0
E02000301,0
E02000501,0
E02000696,0
E02000893,0
E02005066,0
E02004876,0
E02000139,0
E02000337,0
E02006800,0
E02000727,0
E02000924,0
E02004907,0
E02000534,0
E02000172,0
E02000370,0
E02000565,0
E02000758,0
E02000955,0
E02004938,0
E02000010,0
E02000203,0
E02000402,0
E02000596,0
E02000794,0
E02004969,0
E02000041,0
E02000235,0
E02006321,0
E02000628,0
E02000433,0
E02000826,0
E02003311,0
E02000072,0
E02000266,0
E02000467,0
E02006925,0
E02000857,0
E02005032,0
E02000660,0
E02000104,0
E02000298,0
E02000498,0
E02000693,0
E02000889,0
E02005063,0
E02004873,0
E02000136,0
E02000333,0
E02000531,0
E02000724,0
E02000921,0
E02005095,0
E02004904,0
E02006796,0
E02006415,0
E02000169,0
E02000367,0
E02000562,0
E02000755,0
E02000952,0
E02004935,0
E02000007,0
E02000200,0
E02000398,0
E02000593,0
E02000791,0
E02000983,0
E02006859,0
E02004966,0
E02006318,0
E02000038,0
E02000430,0
E02000625,0
E02000823,0
E02000232,0
E02003308,0
E02000069,0
E02000263,0
E02000464,0
E02006921,0
E02000854,0
E02000657,0
E02005029,0
E02006381,0
E02000295,0
E02000101,0
E02000690,0
E02000495,0
E02000886,0
E02005060,0
E02004870,0
E02000133,0
E02000329,0
E02006793,0
E02000721,0
E02000528,0
E02000918,0
E02004901,0
E02005091,0
E02006412,0
E02000166,0
E02000364,0
E02000559,0
E02000752,0
E02000949,0
E02004932,0
E02000003,0
E02000197,0
E02000395,0
E02000590,0
E02000788,0
E02000980,0
E02004963,0
E02000035,0
E02000229,0
E02000427,0
E02000622,0
E02004994,0
E02000820,0
E02003304,0
E02000066,0
E02000260,0
E02000461,0
E02000653,0
E02006918,0
E02000851,0
E02000098,0
E02000292,0
E02000492,0
E02000686,0
E02000883,0
E02006378,0
E02005057,0
E02004867,0
E02000130,0
E02000326,0
E02006790,0
E02004898,0
E02000915,0
E02005088,0
E02000718,0
E02006409,0
E02000524,0
E02000162,0
E02000361,0
E02000556,0
E02000749,0
E02000946,0
E02004929,0
E02000194,0
E02000392,0
E02006853,0
E02000785,0
E02000977,0
E02000587,0
E02004960,0
E02000032,0
E02000226,0
E02000424,0
E02000619,0
E02000817,0
E02004991,0
E02003301,0
E02000063,0
E02000257,0
E02000457,0
E02000650,0
E02000848,0
E02000095,0
E02006375,0
E02000289,0
E02000682,0
E02000880,0
E02000489,0
E02004864,0
E02000126,0
E02000321,0
E02006787,0
E02000715,0
E02000912,0
E02000521,0
E02000159,0
E02004543,0
E02000358,0
E02000746,0
E02000943,0
E02000553,0
E02000191,0
E02000389,0
E02000584,0
E02000782,0
E02000974,0
E02004957,0
E02000029,0
E02000223,0
E02000421,0
E02000615,0
E02000814,0
E02004988,0
E02003298,0
E02000060,0
E02006341,0
E02000454,0
E02000647,0
E02000845,0
E02000254,0
E02000092,0
E02000286,0
E02000486,0
E02000679,0
E02000877,0
E02004861,0
E02000123,0
E02000318,0
E02006784,0
E02000712,0
E02000909,0
E02000518,0
E02006403,0
E02004892,0
E02000156,0
E02004540,0
E02000355,0
E02000743,0
E02000940,0
E02000550,0
E02000188,0
E02000386,0
E02000581,0
E02000779,0
E02000971,0
E02000026,0
E02000220,0
E02000418,0
E02000612,0
E02000810,0
E02006337,0
E02000251,0
E02000451,0
E02000644,0
E02000842,0
E02000057,0
E02000089,0
E02000283,0
E02000483,0
E02000676,0
E02000874,0
E02000120,0
E02000315,0
E02000515,0
E02000709,0
E02000906,0
E02006432,0
E02004537,0
E02000352,0
E02000740,0
E02000937,0
E02000153,0
E02000547,0
E02000185,0
E02000383,0
E02000578,0
E02000774,0
E02000968,0
E02000023,0
E02000217,0
E02000415,0
E02000609,0
E02000807,0
E02000054,0
E02000248,0
E02000447,0
E02000641,0
E02000839,0
E02006334,0
E02000086,0
E02000280,0
E02000480,0
E02004855,0
E02000871,0
E02000673,0
E02006366,0
E02004470,0
E02000117,0
E02000312,0
E02000512,0
E02000706,0
E02000903,0
E02006429,0
E02004534,0
E02000150,0
E02000737,0
E02000934,0
E02000544,0
E02000348,0
E02000182,0
E02000380,0
E02000575,0
E02000770,0
E02000965,0
E02000020,0
E02000214,0
E02000412,0
E02000606,0
E02000804,0
E02004979,0
E02000051,0
E02006331,0
E02000443,0
E02000638,0
E02000836,0
E02000245,0
E02000083,0
E02006363,0
E02000477,0
E02000670,0
E02000868,0
E02004467,0
E02004852,0
E02000277,0
E02000114,0
E02000308,0
E02000509,0
E02000703,0
E02000900,0
E02000147,0
E02004531,0
E02000345,0
E02000734,0
E02000931,0
E02000541,0
E02000179,0
E02000377,0
E02000572,0
E02000767,0
E02000962,0
E02000017,0
E02000211,0
E02000409,0
E02000603,0
E02000801,0
E02004976,0
E02000048,0
E02000242,0
E02000440,0
E02000635,0
E02000833,0
E02006328,0
E02000080,0
E02004464,0
E02000474,0
E02000667,0
E02000865,0
E02005039,0
E02000274,0
E02004849,0
E02000111,0
E02000305,0
E02000506,0
E02000700,0
E02000897,0
E02000144,0
E02000342,0
E02004528,0
E02000731,0
E02000928,0
E02000538,0
E02000176,0
E02000374,0
E02000569,0
E02000763,0
E02000959,0
E02004942,0
E02000014,0
E02000208,0
E02000406,0
E02000600,0
E02000798,0
E02004973,0
E02000045,0
E02000239,0
E02000437,0
E02000632,0
E02000830,0
E02006325,0
E02003695,0
E02000077,0
E02000270,0
E02000471,0
E02006929,0
E02000664,0
E02000861,0
E02004846,0
E02005036,0
E02000108,0
E02000302,0
E02000502,0
E02000697,0
E02000894,0
E02005067,0
E02004877,0
E02000140,0
E02000339,0
E02006801,0
E02000728,0
E02004908,0
E02000925,0
E02005099,0
E02000535,0
E02000173,0
E02000371,0
E02000566,0
E02000759,0
E02004939,0
E02000956,0
E02006832,0
E02000011,0
E02000204,0
E02000403,0
E02000597,0
E02000795,0
E02004970,0
E02006322,0
E02000042,0
E02000434,0
E02000629,0
E02000236,0
E02000827,0
E02003312,0
E02000073,0
E02000267,0
E02000468,0
E02000661,0
E02000858,0
E02006926,0
E02005033,0
E02000105,0
E02000299,0
E02000499,0
E02000694,0
E02000890,0
E02004874,0
E02000137,0
E02000334,0
E02006798,0
E02000725,0
E02000922,0
E02004905,0
E02000532,0
E02005096,0
E02000170,0
E02000368,0
E02000563,0
E02000756,0
E02000953,0
E02004936,0
E02000008,0
E02000201,0
E02000400,0
E02000594,0
E02000792,0
E02004967,0
E02006319,0
E02000233,0
E02000431,0
E02000626,0
E02000824,0
E02000039,0
E02003309,0
E02000070,0
E02000264,0
E02000465,0
E02000658,0
E02005030,0
E02000855,0
E02006382,0
E02000102,0
E02000296,0
E02000691,0
E02000887,0
E02005061,0
E02000496,0
E02004871,0
E02000134,0
E02000331,0
E02006794,0
E02000722,0
E02000919,0
E02004902,0
E02000529,0
E02005093,0
E02006413,0
E02000167,0
E02000365,0
E02000560,0
E02000753,0
E02000950,0
E02004933,0
E02000004,0
E02000198,0
E02000396,0
E02000591,0
E02000789,0
E02000981,0
E02004964,0
E02000036,0
E02000230,0
E02000428,0
E02000623,0
E02004995,0
E02000821,0
E02003305,0
E02000067,0
E02000261,0
E02000462,0
E02000654,0
E02000852,0
E02000099,0
E02000293,0
E02000493,0
E02000687,0
E02000884,0
E02006379,0
E02005058,0
E02004868,0
E02000131,0
E02000327,0
E02006791,0
E02004899,0
E02000916,0
E02000719,0
E02005089,0
E02006410,0
E02000525,0
E02000163,0
E02000362,0
E02000557,0
E02000750,0
E02000947,0
E02004930,0
E02003418,1
E02006393,1
E02006462,1
E02003708,1
E02003437,1
E02003682,1
E02003425,1
E02003413,1
E02006400,1
E02006457,1
E02003715,1
E02003703,1
E02003432,1
E02003677,1
E02003420,1
E02003408,1
E02006464,1
E02006395,1
E02003710,1
E02003697,1
E02003685,1
E02003427,1
E02003415,1
E02006402,1
E02006459,1
E02003717,1
E02003705,1
E02003692,1
E02006421,1
E02003434,1
E02003422,1
E02003679,1
E02003410,1
E02006397,1
E02006466,1
E02003712,1
E02003699,1
E02003429,1
E02006416,1
E02003687,1
E02003417,1
E02006461,1
E02003707,1
E02003436,1
E02003694,1
E02003424,1
E02003681,1
E02003357,1
E02003412,1
E02006344,1
E02006399,1
E02005962,1
E02006456,1
E02003714,1
E02006824,1
E02003702,1
E02003689,1
E02003431,1
E02006418,1
E02003419,1
E02003352,1
E02006406,1
E02003676,1
E02003407,1
E02006463,1
E02006394,1
E02003709,1
E02003438,1
E02003696,1
E02003683,1
E02003426,1
E02003359,1
E02006401,1
E02003414,1
E02006458,1
E02003716,1
E02003704,1
E02003433,1
E02003691,1
E02003421,1
E02003354,1
E02003678,1
E02003409,1
E02006396,1
E02006465,1
E02003711,1
E02003698,1
E02003428,1
E02003686,1
E02003416,1
E02006460,1
E02003718,1
E02003706,1
E02003693,1
E02003435,1
E02003423,1
E02003680,1
E02003356,1
E02003411,1
E02006467,1
E02006398,1
E02003713,1
E02006823,1
E02003701,1
E02003688,1
E02003430,1
E02006417,1
E02001431,2
E02001438,2
E02001435,2
E02001432,2
E02001429,2
E02001436,2
E02001433,2
E02005305,2
E02001430,2
E02001437,2
E02001434,2
E02001575,3
E02001572,3
E02001566,3
E02001563,3
E02001560,3
E02001557,3
E02001554,3
E02001551,3
E02001548,3
E02001545,3
E02001542,3
E02001539,3
E02001576,3
E02001567,3
E02001564,3
E02001561,3
E02001555,3
E02001552,3
E02001549,3
E02001546,3
E02001543,3
E02001540,3
E02005837,3
E02001577,3
E02001574,3
E02001571,3
E02001565,3
E02001562,3
E02001559,3
E02001556,3
E02001553,3
E02001550,3
E02001547,3
E02001544,3
E02001541,3
E02005835,3
E02001773,4
E02001692,4
E02004307,4
E02005736,4
E02001749,4
E02001804,4
E02005712,4
E02001725,4
E02004338,4
E02001780,4
E02001699,4
E02004314,4
E02001756,4
E02001811,4
E02004290,4
E02005719,4
E02001732,4
E02001787,4
E02001706,4
E02004321,4
E02001763,4
E02001818,4
E02004297,4
E02005726,4
E02001739,4
E02001794,4
E02001713,4
E02004328,4
E02001770,4
E02001825,4
E02001689,4
E02004304,4
E02001746,4
E02001801,4
E02005709,4
E02001722,4
E02004335,4
E02001777,4
E02001696,4
E02004311,4
E02005740,4
E02001753,4
E02001808,4
E02005716,4
E02001729,4
E02001784,4
E02001703,4
E02004318,4
E02001760,4
E02006841,4
E02001815,4
E02004294,4
E02005723,4
E02001736,4
E02004349,4
E02001791,4
E02001710,4
E02004325,4
E02001767,4
E02001822,4
E02004301,4
E02001685,4
E02001743,4
E02001798,4
E02001719,4
E02004332,4
E02001774,4
E02001693,4
E02004308,4
E02005737,4
E02001750,4
E02001805,4
E02005713,4
E02001726,4
E02001781,4
E02001700,4
E02004315,4
E02001757,4
E02001812,4
E02006893,4
E02004291,4
E02005720,4
E02001733,4
E02001788,4
E02001707,4
E02004322,4
E02001764,4
E02001819,4
E02001682,4
E02004298,4
E02001740,4
E02001795,4
E02001714,4
E02004329,4
E02001771,4
E02001826,4
E02001690,4
E02004305,4
E02005734,4
E02001747,4
E02001802,4
E02005710,4
E02001723,4
E02004336,4
E02001778,4
E02001697,4
E02004312,4
E02005741,4
E02001754,4
E02001809,4
E02005717,4
E02001730,4
E02001785,4
E02001704,4
E02004319,4
E02001761,4
E02006842,4
E02001816,4
E02004295,4
E02005724,4
E02001737,4
E02004350,4
E02001792,4
E02001711,4
E02004326,4
E02001768,4
E02001823,4
E02004302,4
E02001686,4
E02005731,4
E02001744,4
E02001799,4
E02001720,4
E02004333,4
E02001775,4
E02001694,4
E02004309,4
E02005738,4
E02001751,4
E02001806,4
E02005714,4
E02001727,4
E02001782,4
E02001701,4
E02004316,4
E02001758,4
E02001813,4
E02004292,4
E02005721,4
E02001734,4
E02001789,4
E02004323,4
E02001708,4
E02001765,4
E02001820,4
E02001683,4
E02004299,4
E02001741,4
E02001796,4
E02001715,4
E02004330,4
E02001772,4
E02004306,4
E02001691,4
E02005735,4
E02001748,4
E02001803,4
E02005711,4
E02001724,4
E02004337,4
E02001779,4
E02001698,4
E02004313,4
E02001755,4
E02001810,4
E02005718,4
E02001731,4
E02001786,4
E02001705,4
E02004320,4
E02001762,4
E02001817,4
E02004296,4
E02005725,4
E02001738,4
E02004351,4
E02001793,4
E02001712,4
E02004327,4
E02001769,4
E02001824,4
E02001688,4
E02004303,4
E02005732,4
E02001745,4
E02001800,4
E02001721,4
E02004334,4
E02001776,4
E02001695,4
E02004310,4
E02005739,4
E02001752,4
E02001807,4
E02005715,4
E02001728,4
E02001783,4
E02001702,4
E02004317,4
E02001759,4
E02001814,4
E02004293,4
E02005722,4
E02001735,4
E02001790,4
E02001709,4
E02004324,4
E02001766,4
E02001821,4
E02004300,4
E02001684,4
E02005729,4
E02001742,4
E02001797,4
E02001718,4
E02004331,4
E02001977,5
E02006474,5
E02001971,5
E02006480,5
E02001965,5
E02001958,5
E02001996,5
E02005388,5
E02001990,5
E02006487,5
E02006806,5
E02001984,5
E02001978,5
E02006481,5
E02001972,5
E02006475,5
E02001966,5
E02001959,5
E02006519,5
E02001997,5
E02006495,5
E02005383,5
E02006488,5
E02001985,5
E02006482,5
E02001979,5
E02006476,5
E02001973,5
E02006470,5
E02001967,5
E02001991,5
E02001961,5
E02005389,5
E02006520,5
E02005390,5
E02001998,5
E02005384,5
E02006489,5
E02001986,5
E02006483,5
E02001980,5
E02006477,5
E02001974,5
E02001992,5
E02001968,5
E02001962,5
E02006521,5
E02001999,5
E02001993,5
E02006490,5
E02001987,5
E02006484,5
E02001981,5
E02006478,5
E02002105,5
E02001975,5
E02001969,5
E02005385,5
E02001963,5
E02006472,5
E02001994,5
E02006492,5
E02001988,5
E02005386,5
E02001982,5
E02006485,5
E02001976,5
E02006479,5
E02001970,5
E02001964,5
E02001995,5
E02005387,5
E02001989,5
E02006486,5
E02001983,5
E02006805,5
E02002500,6
E02002493,6
E02002487,6
E02002553,6
E02006909,6
E02002547,6
E02002541,6
E02002535,6
E02002527,6
E02002520,6
E02002514,6
E02006812,6
E02002507,6
E02002501,6
E02002494,6
E02002488,6
E02002554,6
E02006910,6
E02002548,6
E02002542,6
E02002536,6
E02002529,6
E02002521,6
E02002515,6
E02004339,6
E02002508,6
E02002502,6
E02002496,6
E02005750,6
E02002555,6
E02002489,6
E02002549,6
E02002543,6
E02002537,6
E02002530,6
E02002523,6
E02002516,6
E02002509,6
E02002503,6
E02002497,6
E02005751,6
E02002556,6
E02002490,6
E02002550,6
E02002483,6
E02002544,6
E02002538,6
E02005796,6
E02002532,6
E02002524,6
E02002517,6
E02002510,6
E02002504,6
E02002498,6
E02002491,6
E02002557,6
E02002484,6
E02002551,6
E02002545,6
E02002539,6
E02002533,6
E02002525,6
E02002518,6
E02002512,6
E02002505,6
E02002499,6
E02002492,6
E02002558,6
E02002485,6
E02002552,6
E02002546,6
E02002540,6
E02002534,6
E02002526,6
E02002519,6
E02002513,6
E02006811,6
E02002506,6
E02002568,7
E02002565,7
E02002562,7
E02002559,7
E02002573,7
E02002570,7
E02002567,7
E02002564,7
E02002561,7
E02005782,7
E02002572,7
E02002569,7
E02002566,7
E02002563,7
E02002560,7
E02002571,7
E02002644,8
E02005211,8
E02005208,8
E02005331,8
E02005328,8
E02002651,8
E02002648,8
E02005322,8
E02002642,8
E02002639,8
E02002636,8
E02002633,8
E02002645,8
E02005319,8
E02005206,8
E02005203,8
E02005332,8
E02005329,8
E02005326,8
E02005323,8
E02002649,8
E02002646,8
E02002643,8
E02002640,8
E02002637,8
E02002634,8
E02005320,8
E02005210,8
E02005207,8
E02005330,8
E02005327,8
E02002650,8
E02005321,8
E02002647,8
E02002641,8
E02002638,8
E02002635,8
E02002695,9
E02002681,9
E02002675,9
E02002669,9
E02002663,9
E02002657,9
E02002715,9
E02002708,9
E02002702,9
E02002696,9
E02002752,9
E02002682,9
E02002676,9
E02002670,9
E02002664,9
E02002658,9
E02002652,9
E02002716,9
E02006813,9
E02002709,9
E02002703,9
E02002697,9
E02002677,9
E02002671,9
E02002665,9
E02002659,9
E02002653,9
E02002717,9
E02006814,9
E02002710,9
E02002704,9
E02002698,9
E02002678,9
E02002672,9
E02002666,9
E02002660,9
E02002654,9
E02002718,9
E02002711,9
E02002705,9
E02002699,9
E02002693,9
E02002749,9
E02002679,9
E02002673,9
E02002667,9
E02002661,9
E02002655,9
E02002719,9
E02002712,9
E02002706,9
E02002700,9
E02002750,9
E02002680,9
E02002674,9
E02002668,9
E02002662,9
E02002656,9
E02002714,9
E02002707,9
E02002701,9
E02002689,10
E02002686,10
E02002688,10
E02002685,10
E02002687,10
E02002684,10
E02002694,11
E02002722,12
E02002723,13
E02002720,13
E02002724,13
E02002721,13
E02002731,14
E02002728,14
E02002748,14
E02002745,14
E02002742,14
E02002739,14
E02002736,14
E02002733,14
E02002730,14
E02002727,14
E02005492,14
E02005424,14
E02002747,14
E02002744,14
E02002741,14
E02002738,14
E02002735,14
E02002732,14
E02002729,14
E02002726,14
E02002746,14
E02002743,14
E02002740,14
E02002737,14
E02002734,14
E02002763,15
E02002760,15
E02002757,15
E02002754,15
E02002751,15
E02002771,15
E02002768,15
E02002765,15
E02002762,15
E02002759,15
E02002756,15
E02002753,15
E02002770,15
E02002767,15
E02002764,15
E02002761,15
E02002758,15
E02002755,15
E02002769,15
E02002766,15
E02005760,16
E02002692,16
E02002794,16
E02002791,16
E02002788,16
E02002785,16
E02002782,16
E02002779,16
E02002776,16
E02002773,16
E02005776,16
E02002795,16
E02002792,16
E02002789,16
E02002786,16
E02002783,16
E02002780,16
E02002777,16
E02002774,16
E02005794,16
E02005759,16
E02002793,16
E02002790,16
E02002787,16
E02002784,16
E02002781,16
E02002778,16
E02002775,16
E02002772,16
E02002824,17
E02002821,17
E02004123,17
E02004120,17
E02002812,17
E02002809,17
E02002815,17
E02002803,17
E02002800,17
E02002818,17
E02002806,17
E02002797,17
E02004081,17
E02004077,17
E02002825,17
E02002822,17
E02002819,17
E02002816,17
E02002813,17
E02002810,17
E02002807,17
E02002804,17
E02004044,17
E02002801,17
E02002798,17
E02004121,17
E02004075,17
E02002826,17
E02002823,17
E02002820,17
E02002814,17
E02002811,17
E02002808,17
E02002805,17
E02002802,17
E02002796,17
E02002817,17
E02002799,17
E02004086,17
E02004076,17
E02002863,18
E02002864,19
E02002865,19
E02002906,20
E02002907,20
E02002908,20
E02002909,21
E02002910,22
E02002920,23
E02002917,23
E02002914,23
E02002911,23
E02002924,23
E02002921,23
E02002918,23
E02002915,23
E02002912,23
E02002925,23
E02002922,23
E02002919,23
E02002916,23
E02002926,24
E02002927,24
E02002929,25
E02006011,25
E02002932,25
E02002949,25
E02002946,25
E02002943,25
E02006010,25
E02002937,25
E02002934,25
E02002931,25
E02002928,25
E02002940,25
E02002948,25
E02002945,25
E02002942,25
E02002936,25
E02002933,25
E02002930,25
E02002939,25
E02006012,25
E02002950,25
E02002947,25
E02002944,25
E02002941,25
E02002938,25
E02002935,25
E02006008,25
E02002958,26
E02006214,26
E02002952,26
E02006208,26
E02006190,26
E02002983,26
E02006172,26
E02002977,26
E02006166,26
E02002971,26
E02006160,26
E02002965,26
E02002959,26
E02006215,26
E02002953,26
E02006209,26
E02006191,26
E02002984,26
E02006173,26
E02002978,26
E02006167,26
E02002972,26
E02006161,26
E02002966,26
E02003815,26
E02002960,26
E02006216,26
E02006210,26
E02002954,26
E02006204,26
E02006131,26
E02006192,26
E02002979,26
E02006168,26
E02003822,26
E02006162,26
E02002973,26
E02002967,26
E02002961,26
E02003816,26
E02002955,26
E02006211,26
E02006205,26
E02006132,26
E02002980,26
E02006169,26
E02002974,26
E02006163,26
E02002968,26
E02003817,26
E02002962,26
E02003823,26
E02002956,26
E02006212,26
E02006206,26
E02006133,26
E02006188,26
E02002981,26
E02006170,26
E02003824,26
E02006164,26
E02002969,26
E02002975,26
E02003818,26
E02002963,26
E02006213,26
E02006158,26
E02006207,26
E02002951,26
E02002957,26
E02006189,26
E02002982,26
E02006171,26
E02002976,26
E02006165,26
E02002970,26
E02006159,26
E02002964,26
E02002993,27
E02002990,27
E02006681,27
E02003001,27
E02002998,27
E02002995,27
E02002992,27
E02002989,27
E02003003,27
E02002997,27
E02002994,27
E02002991,27
E02002988,27
E02006659,27
E02006682,27
E02003002,27
E02002999,27
E02002996,27
E02003019,28
E02003076,28
E02003007,28
E02003064,28
E02006056,28
E02003120,28
E02003052,28
E02003108,28
E02003039,28
W02000342,28
E02003096,28
E02003026,28
E02003014,28
E02003071,28
E02003059,28
E02006051,28
E02003115,28
E02003047,28
E02003103,28
E02003033,28
E02003091,28
E02003021,28
E02004635,28
E02003009,28
E02003066,28
E02003054,28
E02002985,28
E02006887,28
E02003110,28
E02003041,28
W02000344,28
E02003098,28
E02003028,28
E02003016,28
E02003073,28
E02003004,28
E02003061,28
E02003117,28
E02003049,28
E02003105,28
E02003036,28
E02003093,28
E02003023,28
E02003011,28
E02003068,28
E02003056,28
E02006889,28
E02002987,28
E02003112,28
E02003044,28
E02006048,28
E02003100,28
E02003030,28
E02003018,28
E02003075,28
E02003006,28
E02003063,28
E02006055,28
E02003119,28
E02003051,28
E02003107,28
E02003038,28
E02003095,28
E02003025,28
E02003013,28
E02003070,28
E02003058,28
E02003114,28
E02003046,28
E02003102,28
E02003032,28
E02003090,28
E02003020,28
E02003077,28
E02003008,28
E02003065,28
E02003121,28
E02003053,28
E02003109,28
E02003040,28
W02000343,28
E02004665,28
E02003097,28
E02003027,28
E02003015,28
E02003072,28
E02003060,28
E02006052,28
E02003116,28
E02003048,28
E02003104,28
E02003034,28
E02003092,28
E02003022,28
E02003010,28
E02003067,28
E02006059,28
E02003055,28
E02006888,28
E02002986,28
E02003111,28
E02003043,28
W02000345,28
E02003099,28
E02003029,28
E02003017,28
E02003074,28
E02003005,28
E02003062,28
E02006054,28
E02003118,28
E02003050,28
E02003106,28
E02003037,28
E02003094,28
E02003024,28
E02003012,28
E02003069,28
E02003000,28
E02003057,28
E02006890,28
E02003113,28
E02003045,28
E02003101,28
E02003031,28
E02003089,29
E02003086,29
E02003082,29
E02003079,29
E02006845,29
E02006065,29
E02006062,29
E02003088,29
E02003085,29
E02003081,29
E02003078,29
E02006064,29
E02006061,29
E02003087,29
E02003084,29
E02003080,29
E02006846,29
E02006063,29
E02004197,30
E02003153,30
E02003150,30
E02003147,30
E02003144,30
E02003141,30
E02003138,30
E02003135,30
E02003132,30
E02003129,30
E02004234,30
E02003123,30
E02003902,30
E02003899,30
E02003126,30
E02003151,30
E02003148,30
E02004189,30
E02003142,30
E02003139,30
E02003136,30
E02003133,30
E02003130,30
E02003127,30
E02003903,30
E02003124,30
E02003897,30
E02003900,30
E02003145,30
E02004235,30
E02003894,30
E02004232,30
E02004196,30
E02003152,30
E02003149,30
E02003146,30
E02003143,30
E02003140,30
E02003137,30
E02003134,30
E02003131,30
E02003128,30
E02003125,30
E02003122,30
E02003898,30
E02004193,30
E02003892,30
E02004190,30
E02004233,30
E02003156,31
E02004194,31
E02004191,31
E02003159,31
E02004219,31
E02004216,31
E02004213,31
E02003171,31
E02003168,31
E02003165,31
E02003161,31
E02003157,31
E02003154,31
E02004192,31
E02004195,31
E02004207,31
E02004210,31
E02006840,31
E02004217,31
E02004214,31
E02004211,31
E02003169,31
E02003166,31
E02003163,31
E02003158,31
E02003155,31
E02004208,31
E02004218,31
E02004215,31
E02004212,31
E02004209,31
E02003170,31
E02003164,31
E02003167,31
E02004252,32
E02003208,32
E02004246,32
E02003202,32
E02004240,32
E02003196,32
E02003189,32
E02003183,32
E02006885,32
E02003177,32
E02004797,32
E02004265,32
E02004779,32
E02004253,32
E02003209,32
E02004247,32
E02003203,32
E02004241,32
E02003197,32
E02003190,32
E02003184,32
E02003178,32
E02004798,32
E02003172,32
E02004266,32
E02004254,32
E02004248,32
E02003210,32
E02003204,32
E02004242,32
E02003198,32
E02004236,32
E02003191,32
E02003592,32
E02003185,32
E02003179,32
E02004799,32
E02003173,32
E02004793,32
E02004267,32
E02003211,32
E02004249,32
E02003205,32
E02004243,32
E02003199,32
E02004237,32
E02003192,32
E02003186,32
E02003180,32
E02004800,32
E02003174,32
E02004794,32
E02004268,32
E02004788,32
E02004250,32
E02003206,32
E02004244,32
E02003200,32
E02004238,32
E02003194,32
E02003187,32
E02003181,32
E02006883,32
E02003175,32
E02004795,32
E02004801,32
E02004263,32
E02004251,32
E02003207,32
E02004245,32
E02003201,32
E02004239,32
E02003195,32
E02003188,32
E02003182,32
E02003176,32
E02004796,32
E02004790,32
E02004264,32
E02003224,33
E02003221,33
E02003218,33
E02003215,33
E02006848,33
E02006649,33
E02006646,33
E02006634,33
E02003234,33
E02003231,33
E02003228,33
E02003225,33
E02003222,33
E02003219,33
E02003216,33
E02003212,33
E02006849,33
E02006650,33
E02006647,33
E02006644,33
E02004619,33
E02006635,33
E02006886,33
E02003368,33
E02003235,33
E02003232,33
E02003229,33
E02003226,33
E02003223,33
E02003220,33
E02003217,33
E02003214,33
E02006847,33
E02004623,33
E02006636,33
E02005986,33
E02003236,33
E02003233,33
E02003230,33
E02003227,33
E02005629,34
E02005487,34
E02005475,34
E02003255,34
E02003252,34
E02003249,34
E02003246,34
E02003243,34
E02003240,34
E02003237,34
E02003749,34
E02005630,34
E02005488,34
E02003257,34
E02003253,34
E02003250,34
E02003247,34
E02003244,34
E02003241,34
E02006877,34
E02003238,34
E02003753,34
E02003747,34
E02005489,34
E02003254,34
E02003251,34
E02003248,34
E02003245,34
E02003242,34
E02006878,34
E02003754,34
E02003239,34
E02003277,35
E02003274,35
E02003271,35
E02003268,35
E02003651,35
E02003262,35
E02003645,35
E02003648,35
E02003259,35
E02003636,35
E02003265,35
E02003639,35
E02003642,35
E02003660,35
E02003615,35
E02003278,35
E02003275,35
E02003272,35
E02003269,35
E02003266,35
E02003263,35
E02003260,35
E02003643,35
E02003640,35
E02003637,35
E02003646,35
E02003649,35
E02004926,35
E02004856,35
E02003613,35
E02003276,35
E02003273,35
E02003270,35
E02003267,35
E02003264,35
E02003647,35
E02003261,35
E02003650,35
E02003258,35
E02003641,35
E02003644,35
E02003638,35
E02004924,35
E02003614,35
E02003289,36
E02003286,36
E02003283,36
E02003280,36
E02004572,36
E02004569,36
E02004566,36
E02004560,36
E02003293,36
E02003290,36
E02003287,36
E02003284,36
E02003281,36
E02004564,36
E02004561,36
E02003294,36
E02003291,36
E02003288,36
E02003285,36
E02003282,36
E02003279,36
E02004565,36
E02004562,36
E02003295,36
E02003292,36
E02003386,37
E02004677,37
E02003383,37
E02003380,37
E02003367,37
E02003387,37
E02003384,37
E02003377,37
E02003378,37
E02003385,37
E02003382,37
E02003379,37
E02003376,37
E02003373,37
E02003406,38
E02003400,38
E02003394,38
E02003455,38
E02003388,38
E02003449,38
E02003443,38
E02003370,38
E02005975,38
E02003358,38
E02003401,38
E02003395,38
E02003456,38
E02003389,38
E02003450,38
E02003444,38
E02003371,38
E02005976,38
E02003353,38
E02003402,38
E02003396,38
E02003457,38
E02003390,38
E02003451,38
E02003445,38
E02003439,38
E02003372,38
E02005977,38
E02003360,38
E02003403,38
E02003397,38
E02003458,38
E02003391,38
E02003452,38
E02003446,38
E02003440,38
E02003361,38
E02003355,38
E02003404,38
E02003398,38
E02003392,38
E02003453,38
E02003447,38
E02003441,38
E02003374,38
E02005973,38
E02003362,38
E02003405,38
E02003399,38
E02003393,38
E02003454,38
E02003448,38
E02003381,38
E02003442,38
E02003375,38
E02005974,38
E02003369,38
E02003363,38
E02003482,39
E02003479,39
E02003476,39
E02003473,39
E02003470,39
E02003467,39
E02003464,39
E02003461,39
E02003654,39
E02003605,39
E02003657,39
E02003489,39
E02003486,39
E02003483,39
E02003480,39
E02003477,39
E02003474,39
E02003471,39
E02003468,39
E02003465,39
E02003462,39
E02003459,39
E02005688,39
E02003652,39
E02003490,39
E02003487,39
E02003484,39
E02003481,39
E02003478,39
E02003475,39
E02003472,39
E02003469,39
E02003466,39
E02003463,39
E02003460,39
E02003656,39
E02003653,39
E02003488,39
E02003485,39
E02006603,40
E02004387,40
E02004381,40
E02003522,40
E02003516,40
E02003510,40
E02003504,40
E02003498,40
E02003492,40
E02004388,40
E02006537,40
E02004382,40
E02003523,40
E02003517,40
E02003511,40
E02003505,40
E02003499,40
E02003493,40
E02006617,40
E02004389,40
E02006538,40
E02004383,40
E02003518,40
E02003512,40
E02003506,40
E02003500,40
E02006618,40
E02003494,40
E02004390,40
E02004384,40
E02003519,40
E02003513,40
E02003507,40
E02003501,40
E02003495,40
E02006619,40
E02004391,40
E02006601,40
E02006534,40
E02004385,40
E02003520,40
E02003514,40
E02003508,40
E02003502,40
E02003496,40
E02006620,40
E02004386,40
E02006535,40
E02004380,40
E02003521,40
E02003515,40
E02003509,40
E02003503,40
E02003497,40
E02003491,40
E02006615,40
E02003547,41
E02004778,41
E02003541,41
E02004771,41
E02003535,41
E02004765,41
E02003529,41
E02003590,41
E02003584,41
E02004745,41
E02006830,41
E02006567,41
E02004739,41
E02003548,41
E02003542,41
E02004772,41
E02003536,41
E02004766,41
E02003530,41
E02004746,41
E02006831,41
E02004740,41
E02004734,41
E02003543,41
E02004709,41
E02003537,41
E02004774,41
E02003531,41
E02004767,41
E02003524,41
E02003586,41
E02004747,41
E02004741,41
E02006569,41
E02004735,41
E02004729,41
E02004842,41
E02004710,41
E02003544,41
E02004768,41
E02003532,41
E02003538,41
E02003525,41
E02003587,41
E02004775,41
E02004748,41
E02004742,41
E02006821,41
E02004736,41
E02004730,41
E02003545,41
E02004776,41
E02003539,41
E02004769,41
E02003533,41
E02003526,41
E02004749,41
E02004743,41
E02006822,41
E02004737,41
E02003546,41
E02004777,41
E02003540,41
E02004770,41
E02003534,41
E02004764,41
E02003527,41
E02004750,41
E02006829,41
E02004744,41
E02004738,41
E02004714,42
E02004784,42
E02004839,42
E02004827,42
E02003578,42
E02003572,42
E02004733,42
E02003566,42
E02003560,42
E02004791,42
E02004727,42
E02004785,42
E02004715,42
E02004721,42
E02004840,42
E02003554,42
E02004828,42
E02004822,42
E02003579,42
E02003573,42
E02003567,42
E02003561,42
E02004792,42
E02003555,42
E02004786,42
E02004716,42
E02004780,42
E02004841,42
E02004728,42
E02003549,42
E02004722,42
E02004823,42
E02003580,42
E02003574,42
E02003568,42
E02003562,42
E02004723,42
E02004787,42
E02003550,42
E02004717,42
E02004781,42
E02003556,42
E02004824,42
E02003575,42
E02003569,42
E02003563,42
E02003557,42
E02004724,42
E02003551,42
E02004718,42
E02004782,42
E02004712,42
E02004825,42
E02003576,42
E02003570,42
E02003564,42
E02004731,42
E02003558,42
E02004725,42
E02004719,42
E02004783,42
E02003552,42
E02004789,42
E02004838,42
E02004713,42
E02004826,42
E02003577,42
E02003571,42
E02003565,42
E02004732,42
E02003559,42
E02004726,42
E02003553,42
E02004720,42
E02003595,43
E02003582,43
E02003589,43
E02003583,43
E02003591,43
E02003593,43
E02003596,43
E02003597,43
E02003594,43
E02003581,43
E02003588,43
E02003585,43
E02003598,43
E02003602,44
E02003599,44
E02003633,44
E02003630,44
E02003627,44
E02003624,44
E02003621,44
E02003618,44
E02003606,44
E02003603,44
E02003600,44
E02003634,44
E02003631,44
E02003628,44
E02003625,44
E02003622,44
E02003619,44
E02003616,44
E02003610,44
E02003607,44
E02003601,44
E02003635,44
E02003632,44
E02003629,44
E02003626,44
E02003623,44
E02003620,44
E02003617,44
E02003675,45
E02003672,45
E02003669,45
E02003666,45
E02003663,45
E02004859,45
E02003671,45
E02003668,45
E02003665,45
E02003662,45
E02003659,45
E02004858,45
E02003673,45
E02003670,45
E02003667,45
E02003664,45
E02003658,45
E02004857,45
E02004909,46
E02003738,46
E02003729,46
E02003726,46
E02003792,46
E02003786,46
E02003720,46
E02003783,46
E02003776,46
E02003723,46
E02003779,46
E02003789,46
E02006242,46
E02006873,46
E02004910,46
E02003739,46
E02003736,46
E02003733,46
E02003730,46
E02003727,46
E02003724,46
E02003721,46
E02003787,46
E02003780,46
E02003784,46
E02003777,46
E02003793,46
E02003790,46
E02006825,46
E02006243,46
E02003740,46
E02003737,46
E02003731,46
E02003728,46
E02003725,46
E02003722,46
E02003788,46
E02003781,46
E02003785,46
E02003778,46
E02003719,46
E02003775,46
E02006826,46
E02003791,46
E02003734,47
E02003735,47
E02003732,47
E02005566,48
E02003742,48
E02003744,48
E02005563,48
E02003743,48
E02003745,48
E02003750,49
E02003746,49
E02003751,49
E02003748,49
E02003774,50
E02003771,50
E02003768,50
E02003765,50
E02003762,50
E02003759,50
E02003756,50
E02006874,50
E02003773,50
E02003770,50
E02003767,50
E02003764,50
E02003761,50
E02003758,50
E02003755,50
E02003752,50
E02003772,50
E02003769,50
E02003766,50
E02003763,50
E02003760,50
E02003757,50
E02003807,51
E02003804,51
E02003801,51
E02003798,51
E02003795,51
W02000076,51
W02000073,51
W02000070,51
W02000067,51
W02000064,51
E02003808,51
E02003805,51
E02003802,51
E02003799,51
E02003796,51
W02000074,51
W02000071,51
W02000068,51
W02000065,51
W02000062,51
E02003806,51
E02003803,51
E02003800,51
E02003797,51
E02003809,51
W02000075,51
W02000072,51
W02000069,51
W02000066,51
E02003839,52
E02003836,52
E02003833,52
E02003830,52
E02003827,52
E02003821,52
E02003812,52
E02003838,52
E02003835,52
E02003832,52
E02003829,52
E02003826,52
E02003820,52
E02003840,52
E02003837,52
E02003834,52
E02003831,52
E02003828,52
E02003825,52
E02003819,52
E02003891,53
E02003888,53
E02003885,53
E02003882,53
E02003879,53
E02003876,53
E02003890,53
E02003887,53
E02003884,53
E02003881,53
E02003878,53
E02003814,53
E02003889,53
E02003886,53
E02003883,53
E02003880,53
E02003813,53
E02003895,54
E02003904,54
E02003896,54
E02003893,54
E02003901,54
E02003929,55
E02003926,55
E02003923,55
E02003920,55
E02003917,55
E02003914,55
E02003911,55
E02003908,55
E02003905,55
E02003945,55
E02003930,55
E02003927,55
E02003924,55
E02003921,55
E02003918,55
E02003915,55
E02003912,55
E02003909,55
E02003906,55
E02003946,55
E02003943,55
E02003928,55
E02003925,55
E02003922,55
E02003919,55
E02003916,55
E02003913,55
E02003910,55
E02003907,55
E02003944,55
E02003931,56
E02003932,56
E02003933,57
E02003934,58
E02003935,59
E02003936,60
E02003940,61
E02003937,61
E02003942,61
E02003939,61
E02003941,61
E02003938,61
E02003951,62
E02003948,62
E02003950,62
E02003947,62
E02003949,62
E02003955,63
E02003952,63
E02003954,63
E02003964,64
E02003961,64
E02003958,64
E02003962,64
E02003959,64
E02003956,64
E02003953,64
E02003963,64
E02003960,64
E02003957,64
E02003965,65
E02003967,66
E02003974,66
E02003971,66
E02003968,66
E02003975,66
E02003972,66
E02003969,66
E02003973,66
E02003970,66
E02003976,67
E02003983,68
E02003980,68
E02003977,68
E02004028,68
E02004022,68
E02003984,68
E02003981,68
E02003978,68
E02004007,68
E02004026,68
E02003985,68
E02003982,68
E02003979,68
E02003986,68
E02003999,69
E02003996,69
E02003993,69
E02003990,69
E02003987,69
E02003997,69
E02003994,69
E02003991,69
E02003988,69
E02003998,69
E02003995,69
E02003992,69
E02003989,69
E02003966,69
E02004004,70
E02004001,70
E02004006,70
E02004003,70
E02004000,70
E02004005,70
E02004002,70
E02004012,71
E02004009,71
E02004011,71
E02004008,71
E02004010,71
E02004013,72
E02004014,73
E02004015,74
E02004025,75
E02004019,75
E02004016,75
E02004020,75
E02004017,75
E02004024,75
E02004021,75
E02004018,75
E02004023,76
E02004103,77
E02004104,77
E02004102,77
E02004133,78
E02004138,78
E02004135,78
E02004273,78
E02004139,79
E02004203,79
E02004130,79
E02004173,79
E02004161,79
E02004158,79
E02004155,79
E02004152,79
E02004149,79
E02004143,79
E02004204,79
E02004201,79
E02004134,79
E02004146,79
E02004140,79
E02004137,79
E02004131,79
E02004174,79
E02004171,79
E02004162,79
E02004159,79
E02004156,79
E02004153,79
E02004150,79
E02004205,79
E02004202,79
E02004141,79
E02004132,79
E02004144,79
E02004147,79
E02004172,79
E02004163,79
E02004160,79
E02004157,79
E02004154,79
E02004151,79
E02004148,79
E02004145,79
E02004142,79
E02004206,79
E02004136,79
E02004165,80
E02004170,80
E02004167,80
E02004164,80
E02004169,80
E02004168,80
E02004177,81
E02004175,81
E02004176,81
E02004181,82
E02004178,82
E02004185,82
E02004182,82
E02004179,82
E02004186,82
E02004183,82
E02004180,82
E02004184,82
E02004187,83
E02004188,83
E02004198,84
E02004199,84
E02004200,84
E02004221,85
E02004223,85
E02004220,85
E02004225,85
E02004222,85
E02004224,85
E02004226,86
E02004227,87
E02004228,88
E02004229,89
E02004230,90
E02004231,91
E02006665,92
E02004255,92
E02004256,92
E02004257,93
E02004258,94
E02004261,95
E02004260,95
E02004262,95
E02004259,95
E02004274,96
E02004275,96
E02004276,96
E02004277,97
E02004279,97
E02004278,97
E02004272,97
E02004287,98
E02004284,98
E02004281,98
E02004288,98
E02004285,98
E02004282,98
E02004289,98
E02004286,98
E02004283,98
E02004280,98
E02004353,99
E02004344,99
E02004341,99
E02004354,99
E02004345,99
E02004342,99
E02004355,99
E02004352,99
E02004343,99
E02004340,99
E02004346,100
E02004347,100
E02004348,101
E02004422,102
E02004357,102
E02006857,102
E02004416,102
E02004419,102
E02004366,102
E02004363,102
E02004359,102
E02004356,102
E02004421,102
E02004418,102
E02004365,102
E02004362,102
E02004423,102
E02004358,102
E02004417,102
E02004420,102
E02006858,102
E02004367,102
E02004364,102
E02004361,102
E02004402,103
E02005175,103
E02004378,103
E02004375,103
E02004372,103
E02004369,103
E02004398,103
E02004401,103
E02004392,103
E02004395,103
E02004377,103
E02004374,103
E02004371,103
E02004368,103
E02004397,103
E02004394,103
E02004400,103
E02004376,103
E02004373,103
E02004370,103
E02004399,103
E02004396,103
E02004393,103
E02004445,104
E02004442,104
E02004439,104
E02004436,104
E02004503,104
E02004433,104
E02004430,104
E02004424,104
E02004563,104
E02004427,104
E02004479,104
E02004476,104
E02004473,104
E02004482,104
E02003296,104
E02004443,104
E02004504,104
E02004437,104
E02004570,104
E02004431,104
E02004428,104
E02004440,104
E02004567,104
E02004483,104
E02004480,104
E02004425,104
E02004474,104
E02004477,104
E02004434,104
E02003297,104
E02004505,104
E02004438,104
E02004502,104
E02004432,104
E02004429,104
E02004571,104
E02004441,104
E02004484,104
E02004481,104
E02004568,104
E02004475,104
E02004426,104
E02004435,104
E02004478,104
E02004454,105
E02004458,105
E02004455,105
E02004452,105
E02004456,105
E02004453,105
E02004450,105
E02004457,105
E02004486,106
E02004495,106
E02004460,106
E02004558,106
E02004500,106
E02004497,106
E02004494,106
E02004491,106
E02004488,106
E02004485,106
E02004557,106
E02004462,106
E02004499,106
E02004496,106
E02004493,106
E02004556,106
E02004487,106
E02004461,106
E02004490,106
E02004559,106
E02004501,106
E02004498,106
E02004463,106
E02004492,106
E02004489,106
E02004520,107
E02004581,107
E02004517,107
E02004451,107
E02004509,107
E02004575,107
E02004506,107
E02004514,107
E02004524,107
E02004521,107
E02004518,107
E02004515,107
E02004512,107
E02004507,107
E02006922,107
E02004449,107
E02004555,107
E02004525,107
E02004522,107
E02004583,107
E02004516,107
E02004577,107
E02004513,107
E02004519,107
E02004508,107
E02004459,107
E02006235,107
E02004526,107
E02004523,107
E02004845,108
E02004894,108
E02004891,108
E02004888,108
E02004885,108
E02004882,108
E02004551,108
E02004548,108
E02004545,108
E02004597,108
E02004594,108
E02004843,108
E02004895,108
E02004889,108
E02004886,108
E02004883,108
E02004880,108
E02004552,108
E02004549,108
E02004546,108
E02004598,108
E02004595,108
E02004844,108
E02004893,108
E02004890,108
E02004884,108
E02004881,108
E02004553,108
E02004550,108
E02004547,108
E02004544,108
E02004599,108
E02004596,108
E02004593,108
E02004584,109
E02004578,109
E02004588,109
E02004585,109
E02004582,109
E02004579,109
E02004589,109
E02004586,109
E02004580,109
E02004590,109
E02004587,109
E02004592,110
E02004591,110
E02006766,111
E02004613,111
E02004610,111
E02004607,111
E02004668,111
E02004601,111
E02004604,111
E02004618,111
E02004612,111
E02004609,111
E02004670,111
E02004606,111
E02004667,111
E02004673,111
E02004603,111
E02004600,111
E02004614,111
E02004611,111
E02004608,111
E02004669,111
E02004605,111
E02004666,111
E02004602,111
E02004616,112
E02004617,113
E02004624,114
E02004621,114
E02004620,114
E02004622,114
E02004648,115
E02004645,115
E02004642,115
E02004639,115
E02004636,115
E02004633,115
E02004630,115
E02004627,115
E02004664,115
E02004661,115
E02004658,115
E02004655,115
E02004652,115
E02004649,115
E02004646,115
E02004643,115
E02004640,115
E02004637,115
E02004634,115
E02004631,115
E02004628,115
E02004625,115
E02004674,115
E02004671,115
E02004662,115
E02004659,115
E02004656,115
E02004653,115
E02004650,115
E02004647,115
E02004644,115
E02004641,115
E02004638,115
E02004632,115
E02004629,115
E02004626,115
E02004672,115
E02004663,115
E02004660,115
E02004657,115
E02004654,115
E02004651,115
E02004683,116
E02004680,116
E02004694,116
E02004691,116
E02004685,116
E02004688,116
E02004682,116
E02004679,116
E02004676,116
E02004703,116
E02004699,116
E02004696,116
E02004693,116
E02004690,116
E02004756,116
E02004687,116
E02004681,116
E02004678,116
E02004675,116
E02004684,116
E02004698,116
E02004695,116
E02004692,116
E02004761,116
E02004686,116
E02004689,116
E02004707,117
E02004704,117
E02004700,117
E02004708,117
E02004705,117
E02006563,117
E02004702,117
E02004706,117
E02006564,117
E02006347,118
E02006423,118
E02004697,118
E02004760,118
E02004757,118
E02004754,118
E02004751,118
E02004812,118
E02004809,118
E02004806,118
E02004803,118
E02006440,118
E02006427,118
E02006424,118
E02006357,118
E02003364,118
E02006345,118
E02004758,118
E02004755,118
E02004752,118
E02006447,118
E02004813,118
E02004810,118
E02004807,118
E02004804,118
E02006444,118
E02006441,118
E02006425,118
E02003365,118
E02006419,118
E02006422,118
E02004759,118
E02006838,118
E02004753,118
E02006442,118
E02004811,118
E02006439,118
E02004802,118
E02004805,118
E02004808,118
E02003366,118
E02006420,118
E02006353,118
E02006426,118
E02004820,119
E02004817,119
E02004814,119
E02004821,119
E02004818,119
E02004815,119
E02004819,119
E02004816,119
E02004829,120
E02004836,120
E02004833,120
E02004830,120
E02004837,120
E02004834,120
E02004831,120
E02004835,120
E02004832,120
E02003611,121
E02003608,121
E02004985,121
E02004982,121
E02004955,121
E02004952,121
E02004949,121
E02004946,121
E02004879,121
E02004922,121
E02004919,121
E02004916,121
E02004913,121
E02003612,121
E02003609,121
E02004983,121
E02004980,121
E02004986,121
E02004953,121
E02004950,121
E02004947,121
E02004944,121
E02004923,121
E02004920,121
E02004917,121
E02004914,121
E02004911,121
E02004981,121
E02003604,121
E02004954,121
E02004951,121
E02004948,121
E02004945,121
E02004878,121
E02004887,121
E02004921,121
E02004918,121
E02004915,121
E02004912,121
E02005005,122
E02005002,122
E02004999,122
E02004996,122
E02005009,122
E02005003,122
E02005000,122
E02004997,122
E02005007,122
E02005004,122
E02005001,122
E02004998,122
E02005008,122
E02005054,123
E02005051,123
E02005048,123
E02005045,123
E02005042,123
E02005052,123
E02005049,123
E02005043,123
E02005053,123
E02005050,123
E02005047,123
E02005044,123
E02003351,124
E02003345,124
E02005154,124
E02005084,124
E02003339,124
E02005078,124
E02003327,124
E02005072,124
E02003333,124
E02003321,124
E02003315,124
E02005129,124
E02005123,124
E02005117,124
E02003346,124
E02005155,124
E02005085,124
E02003334,124
E02005079,124
E02003340,124
E02005073,124
E02003322,124
E02003328,124
E02003316,124
E02005130,124
E02005124,124
E02005118,124
E02005174,124
E02003347,124
E02005162,124
E02005156,124
E02005086,124
E02005149,124
E02005080,124
E02003329,124
E02005074,124
E02005006,124
E02005068,124
E02003335,124
E02003341,124
E02003317,124
E02003323,124
E02005119,124
E02005125,124
E02003348,124
E02003342,124
E02003336,124
E02005081,124
E02005150,124
E02005075,124
E02006833,124
E02005069,124
E02003324,124
E02003330,124
E02005126,124
E02003318,124
E02005120,124
E02003349,124
E02003343,124
E02005151,124
E02005082,124
E02003331,124
E02005076,124
E02003337,124
E02005070,124
E02003319,124
E02005064,124
E02003325,124
E02005127,124
E02005121,124
E02005115,124
E02003350,124
E02003344,124
E02005153,124
E02005083,124
E02003338,124
E02005077,124
E02003332,124
E02005071,124
E02003320,124
E02003326,124
E02003314,124
E02005128,124
E02005122,124
E02005116,124
E02005172,124
E02005103,125
E02006879,125
E02005114,125
E02005111,125
E02005107,125
E02005104,125
E02006880,125
E02005112,125
E02005109,125
E02005105,125
E02005102,125
E02005113,125
E02005110,125
E02005106,125
E02005136,126
E02005133,126
E02005147,126
E02005144,126
E02005141,126
E02005138,126
E02005135,126
E02005132,126
E02005146,126
E02005143,126
E02005140,126
E02005137,126
E02005134,126
E02005148,126
E02005145,126
E02005142,126
E02005139,126
E02005169,127
E02005166,127
E02005163,127
E02004413,127
E02005160,127
E02004407,127
E02004404,127
E02005157,127
E02005171,127
E02005168,127
E02005165,127
E02004412,127
E02005159,127
E02004406,127
E02005173,127
E02005170,127
E02005167,127
E02005164,127
E02005101,127
E02005158,127
E02004408,127
E02004405,127
E02005098,127
E02005161,127
E02005178,128
E02005246,128
E02005181,128
E02005274,128
E02005271,128
E02005185,128
E02005182,128
E02005247,128
E02005176,128
E02005179,128
E02005250,128
E02005244,128
E02005241,128
E02005272,128
E02005186,128
E02005183,128
E02005248,128
E02005177,128
E02005180,128
E02005245,128
E02005251,128
E02005242,128
E02005270,128
E02006881,128
E02005184,128
E02005252,128
E02005249,128
E02005243,128
E02005240,128
E02005237,129
E02005234,129
E02005230,129
E02005226,129
E02005223,129
E02006871,129
E02005239,129
E02005236,129
E02005233,129
E02005229,129
E02005225,129
E02005222,129
E02004027,129
E02005238,129
E02005235,129
E02005231,129
E02005228,129
E02005224,129
E02005221,129
E02005300,130
E02002626,130
E02005294,130
E02002620,130
E02005288,130
E02005217,130
E02005205,130
E02005268,130
E02005199,130
E02005262,130
E02005193,130
E02005256,130
E02005325,130
E02005301,130
E02002627,130
E02005295,130
E02002621,130
E02005289,130
E02005218,130
E02002615,130
E02005212,130
E02005275,130
E02005269,130
E02005200,130
E02005263,130
E02005194,130
E02005257,130
E02005302,130
E02002628,130
E02005296,130
E02002622,130
E02005290,130
E02002616,130
E02005219,130
E02005213,130
E02005276,130
E02005201,130
E02005264,130
E02005195,130
E02005258,130
E02005189,130
E02005303,130
E02002629,130
E02005297,130
E02002623,130
E02005291,130
E02002617,130
E02005220,130
E02005214,130
E02005277,130
E02005202,130
E02005265,130
E02005196,130
E02005259,130
E02005190,130
E02005253,130
E02005304,130
E02002630,130
E02005298,130
E02002624,130
E02005292,130
E02002618,130
E02005215,130
E02005209,130
E02005266,130
E02005197,130
E02005260,130
E02005191,130
E02005254,130
E02002631,130
E02005299,130
E02002625,130
E02005293,130
E02002619,130
E02005287,130
E02005216,130
E02005273,130
E02005204,130
E02005267,130
E02005198,130
E02005261,130
E02005192,130
E02005255,130
E02005324,130
E02005393,131
E02005395,131
E02005392,131
E02005394,131
E02005396,131
E02005420,132
E02005417,132
E02005441,132
E02006864,132
E02005418,132
E02005422,132
E02006865,132
E02005419,132
E02005423,132
E02005425,133
E02005426,133
E02005427,133
E02005429,134
E02005428,134
E02005431,135
E02005432,136
E02005434,137
E02005436,138
E02005437,139
E02005433,139
E02005438,139
E02005435,139
E02005440,139
E02005439,140
E02005502,141
E02005499,141
E02005496,141
E02005458,141
E02005455,141
E02005451,141
E02005448,141
E02005445,141
E02005442,141
E02005501,141
E02005498,141
E02005430,141
E02005457,141
E02005453,141
E02005450,141
E02005447,141
E02005444,141
E02006867,141
E02005500,141
E02005456,141
E02005452,141
E02005449,141
E02005446,141
E02005443,141
E02006866,141
E02005462,142
E02005459,142
E02005464,142
E02005461,142
E02005463,142
E02005460,142
E02005470,143
E02005467,143
E02005474,143
E02005471,143
E02005468,143
E02005465,143
E02005472,143
E02005469,143
E02005466,143
E02005473,143
E02005480,144
E02005477,144
E02005484,144
E02005481,144
E02005478,144
E02005482,144
E02005479,144
E02005476,144
E02005486,145
E02005483,145
E02005485,145
E02005491,146
E02005490,146
E02002866,146
E02005494,147
E02005836,148
E02005493,148
E02005495,148
E02005497,148
E02005507,149
E02005504,149
E02005506,149
E02005503,149
E02005505,149
E02005509,150
E02005510,151
E02005511,151
E02005512,151
E02005518,152
E02006238,152
E02005517,152
E02005514,152
E02005519,152
E02005569,152
E02005550,153
E02005547,153
E02005544,153
E02005541,153
E02005538,153
E02005548,153
E02005545,153
E02005542,153
E02005539,153
E02005549,153
E02005546,153
E02005543,153
E02005540,153
E02005552,154
E02005560,155
E02005557,155
E02005554,155
E02005551,155
E02005564,155
E02005561,155
E02005558,155
E02005555,155
E02005565,155
E02005562,155
E02005559,155
E02005556,155
E02005553,155
E02005567,156
E02005568,156
E02005571,157
E02005574,158
E02005570,158
E02005575,158
E02005572,158
E02005577,159
E02005573,159
E02005578,160
E02005580,160
E02005581,161
E02005594,161
E02005520,161
E02005607,161
E02005604,161
E02005601,161
E02005533,161
E02005530,161
E02005527,161
E02005588,161
E02005524,161
E02005585,161
E02005521,161
E02005592,161
E02005536,161
E02005595,161
E02005598,161
E02005515,161
E02005582,161
E02005579,161
E02005576,161
E02006907,161
E02005608,161
E02005605,161
E02005602,161
E02005534,161
E02005596,161
E02005528,161
E02005531,161
E02005589,161
E02005522,161
E02005593,161
E02005525,161
E02005583,161
E02005586,161
E02005599,161
E02006314,161
E02005537,161
E02005513,161
E02005516,161
E02006908,161
E02005606,161
E02005603,161
E02005600,161
E02005597,161
E02005529,161
E02005590,161
E02005532,161
E02005584,161
E02005587,161
E02005523,161
E02005526,161
E02005508,161
E02005535,161
E02005610,162
E02006263,162
E02005609,162
E02005611,162
E02006262,162
E02006261,162
E02006863,163
E02005616,163
E02005646,163
E02005649,163
E02005640,163
E02005613,163
E02005643,163
E02006862,163
E02005631,163
E02005615,163
E02005612,163
E02005642,163
E02005639,163
E02002867,163
E02005645,163
E02005648,163
E02005617,163
E02005614,163
E02005644,163
E02005641,163
E02005647,163
E02005624,164
E02005626,164
E02005628,164
E02005625,164
E02005623,165
E02005620,165
E02005681,165
E02005678,165
E02005675,165
E02005672,165
E02005669,165
E02005666,165
E02005663,165
E02005684,165
E02005657,165
E02005654,165
E02005651,165
E02005660,165
E02005687,165
E02005700,165
E02005627,165
E02005685,165
E02005682,165
E02005679,165
E02005676,165
E02005673,165
E02005670,165
E02005667,165
E02005664,165
E02005661,165
E02005658,165
E02005655,165
E02005652,165
E02005622,165
E02005683,165
E02005680,165
E02005677,165
E02005674,165
E02005671,165
E02005668,165
E02005665,165
E02005662,165
E02005659,165
E02005656,165
E02005653,165
E02005650,165
E02005696,166
E02005632,166
E02005693,166
E02005699,166
E02005637,166
E02005698,166
E02005695,166
E02005634,166
E02005701,166
E02005692,166
E02005636,166
E02005697,166
E02005694,166
E02005633,166
E02005638,166
E02005635,166
E02005702,167
E02005703,168
E02005704,169
E02005705,170
E02005706,171
E02005707,171
E02005708,172
E02005727,173
E02005728,174
E02005733,175
E02005730,175
E02005742,176
E02005743,177
E02005744,178
E02005752,179
E02005754,179
E02005756,179
E02005753,179
E02005757,180
E02005758,180
E02005762,181
E02005764,181
E02005761,181
E02005763,181
E02005780,182
E02005777,182
E02005774,182
E02005771,182
E02005768,182
E02005765,182
E02005779,182
E02005773,182
E02005770,182
E02005767,182
E02005781,182
E02005778,182
E02005775,182
E02005772,182
E02005769,182
E02005766,182
E02005784,183
E02005755,183
E02005783,183
E02005785,183
E02005787,183
E02005786,184
E02005788,185
E02005789,186
E02005790,187
E02005791,188
E02005795,189
E02005797,189
E02005798,190
E02005807,191
E02005804,191
E02005801,191
E02005808,191
E02005805,191
E02005802,191
E02005799,191
E02005806,191
E02005803,191
E02005800,191
E02005815,192
E02002725,192
E02005814,192
E02005811,192
E02005816,192
E02005813,192
E02005839,193
E02005842,193
E02005844,193
E02005849,194
E02005895,195
E02005902,195
E02005899,195
E02005896,195
E02005903,195
E02005904,195
E02005901,195
E02005927,196
E02005924,196
E02005921,196
E02005690,196
E02005928,196
E02005925,196
E02005922,196
E02005691,196
E02005929,196
E02005926,196
E02005923,196
E02005689,196
E02005686,196
E02005956,197
E02005950,197
E02005944,197
E02006007,197
E02005938,197
E02006001,197
E02005932,197
E02005995,197
E02005987,197
E02005981,197
E02005969,197
E02005963,197
E02005957,197
E02005951,197
E02005945,197
E02005939,197
E02006002,197
E02005933,197
E02005996,197
E02005988,197
E02005982,197
E02005970,197
E02005964,197
E02005958,197
E02005952,197
E02005946,197
E02005940,197
E02006003,197
E02005934,197
E02005997,197
E02005991,197
E02005983,197
E02005971,197
E02005965,197
E02005959,197
E02005953,197
E02005947,197
E02005941,197
E02006004,197
E02005935,197
E02005998,197
E02005992,197
E02005984,197
E02005978,197
E02005972,197
E02005966,197
E02005960,197
E02005954,197
E02005948,197
E02003661,197
E02005942,197
E02003655,197
E02005936,197
E02005999,197
E02005930,197
E02005993,197
E02006005,197
E02005985,197
E02005979,197
E02005967,197
E02005961,197
E02003674,197
E02005955,197
E02005949,197
E02005943,197
E02006006,197
E02005937,197
E02006000,197
E02005931,197
E02005994,197
E02005980,197
E02005968,197
E02006015,198
E02006016,199
E02006018,199
E02006020,199
E02006025,200
E02006027,200
E02006024,200
E02006026,200
E02006022,201
E02006019,201
E02006042,201
E02006039,201
E02006036,201
E02006033,201
E02006030,201
E02006021,201
E02006038,201
E02006035,201
E02006032,201
E02006029,201
E02006040,201
E02006037,201
E02006034,201
E02006031,201
E02006028,201
E02006041,202
E02006043,203
E02006044,204
E02006045,205
E02002905,205
E02006046,206
E02006049,207
E02006053,207
E02006050,207
E02006047,207
E02006057,208
E02006058,208
E02006060,208
E02006073,209
E02006070,209
E02006067,209
E02006074,209
E02006071,209
E02006068,209
E02006072,209
E02006069,209
E02006066,209
E02006079,210
E02006075,210
E02006089,211
E02006086,211
E02006083,211
E02006080,211
E02006077,211
E02004269,211
E02006094,211
E02006091,211
E02006088,211
E02006085,211
E02006082,211
E02006076,211
E02004271,211
E02006090,211
E02006087,211
E02006084,211
E02006081,211
E02006078,211
E02004270,211
E02006095,211
E02006092,211
E02006097,212
E02006096,212
E02006093,212
E02006098,212
E02006112,213
E02006109,213
E02006106,213
E02006103,213
E02006100,213
E02004129,213
E02006111,213
E02006108,213
E02006105,213
E02006102,213
E02006099,213
E02004166,213
E02006110,213
E02006107,213
E02006104,213
E02006101,213
E02006113,214
E02006114,214
E02006115,215
E02006116,215
E02006117,216
E02005408,217
E02005404,217
E02004126,217
E02006144,217
E02006141,217
E02006138,217
E02006135,217
E02006920,217
E02004125,217
E02006143,217
E02006137,217
E02006134,217
E02006140,217
E02004119,217
E02005402,217
E02005399,217
E02004128,217
E02006919,217
E02006142,217
E02004118,217
E02006145,217
E02006136,217
E02004124,217
E02006139,217
E02004122,217
E02006201,218
E02006198,218
E02006195,218
E02006202,218
E02006199,218
E02006196,218
E02006193,218
E02006203,218
E02006200,218
E02006197,218
E02006194,218
E02006233,219
E02004448,219
E02006232,219
E02006229,219
E02004447,219
E02006234,219
E02006228,219
E02006241,220
E02006240,220
E02006239,220
E02006267,221
E02006258,221
E02006255,221
E02006252,221
E02006249,221
E02006246,221
E02006236,221
E02006298,221
E02006295,221
E02006292,221
E02006230,221
E02006301,221
E02004576,221
E02006271,221
E02004573,221
E02006259,221
E02006256,221
E02006253,221
E02006250,221
E02006247,221
E02006237,221
E02006299,221
E02006296,221
E02006231,221
E02006293,221
E02006272,221
E02004574,221
E02006260,221
E02006257,221
E02006254,221
E02006251,221
E02006248,221
E02006245,221
E02006300,221
E02006297,221
E02006294,221
E02006291,221
E02006288,221
E02006268,222
E02006265,222
E02006270,222
E02006269,222
E02006266,223
E02006279,223
E02006276,223
E02006273,223
E02006227,223
E02006264,223
E02006280,223
E02006274,223
E02006277,223
E02006281,223
E02006278,223
E02006275,223
E02004446,224
E02006282,224
E02006284,224
E02006286,224
E02006283,224
E02006285,224
E02006290,225
E02006287,225
E02006289,225
E02006308,226
E02006305,226
E02006302,226
E02006309,226
E02006306,226
E02006303,226
E02006313,226
E02006310,226
E02006307,226
E02006304,226
E02006311,227
E02006312,227
E02006315,228
E02006316,229
E02006454,230
E02006562,230
E02006361,230
E02006358,230
E02006839,230
E02006352,230
E02006349,230
E02006355,230
E02006453,230
E02006449,230
E02006443,230
E02006446,230
E02006360,230
E02006561,230
E02006354,230
E02006351,230
E02006348,230
E02006445,230
E02006448,230
E02006455,230
E02006451,230
E02006359,230
E02006356,230
E02006450,230
E02006350,230
E02006494,231
E02006501,231
E02006498,231
E02006502,231
E02006499,231
E02006496,231
E02006493,231
E02005621,231
E02006503,231
E02006500,231
E02006497,231
E02006510,232
E02006517,232
E02006514,232
E02006518,232
E02006515,232
E02006512,232
E02006513,232
E02006507,233
E02006533,233
E02006530,233
E02006527,233
E02006524,233
E02006532,233
E02006529,233
E02006526,233
E02006523,233
E02006511,233
E02006508,233
E02006531,233
E02006528,233
E02006525,233
E02006516,233
E02006574,234
E02006571,234
E02006568,234
E02006559,234
E02006556,234
E02006553,234
E02006547,234
E02006544,234
E02006573,234
E02006570,234
E02006558,234
E02006555,234
E02006572,234
E02006566,234
E02006560,234
E02006557,234
E02006554,234
E02006597,235
E02006591,235
E02006585,235
E02006387,235
E02006579,235
E02006437,235
E02006369,235
E02006616,235
E02006610,235
E02006604,235
E02006598,235
E02006592,235
E02006586,235
E02006388,235
E02006580,235
E02006438,235
E02006370,235
E02006611,235
E02006605,235
E02006593,235
E02006587,235
E02006389,235
E02006581,235
E02006383,235
E02006575,235
E02006371,235
E02004414,235
E02006612,235
E02006606,235
E02005100,235
E02006594,235
E02006588,235
E02006390,235
E02006582,235
E02006384,235
E02006576,235
E02006372,235
E02004415,235
E02004409,235
E02004403,235
E02006613,235
E02006607,235
E02004379,235
E02006595,235
E02006589,235
E02006391,235
E02006583,235
E02006385,235
E02006577,235
E02006373,235
E02006435,235
E02004410,235
E02006614,235
E02006608,235
E02006596,235
E02006590,235
E02006392,235
E02006584,235
E02006386,235
E02006578,235
E02006374,235
E02006436,235
E02004411,235
E02006609,235
E02006542,236
E02006539,236
E02006536,236
E02006600,236
E02006631,236
E02006628,236
E02006625,236
E02006622,236
E02006552,236
E02006549,236
E02006546,236
E02006543,236
E02006540,236
E02006632,236
E02006629,236
E02006626,236
E02006623,236
E02006565,236
E02006550,236
E02006541,236
E02006602,236
E02006599,236
E02006633,236
E02006630,236
E02006627,236
E02006624,236
E02006621,236
E02006551,236
E02006548,236
E02006545,236
E02006638,237
E02006637,237
E02006639,237
E02006641,237
E02006643,238
E02006640,238
E02006654,239
E02006651,239
E02006648,239
E02006645,239
E02006658,239
E02006655,239
E02006652,239
E02006656,239
E02006653,239
E02006660,239
E02006657,239
E02006662,240
E02006661,240
E02006642,240
E02006663,240
E02006670,241
E02006667,241
E02006664,241
E02006677,241
E02006674,241
E02006671,241
E02006668,241
E02006675,241
E02006672,241
E02006669,241
E02006666,241
E02006673,241
E02006676,242
E02006686,243
E02006683,243
E02006680,243
E02006690,243
E02006687,243
E02006684,243
E02006678,243
E02006691,243
E02006688,243
E02006685,243
E02006679,243
E02006689,243
E02006694,244
E02006693,244
E02006695,244
E02006692,244
E02006710,245
E02006734,246
E02006719,246
E02006716,246
E02006713,246
E02006759,246
E02006756,246
E02006753,246
E02006750,246
E02006747,246
E02006744,246
E02006741,246
E02006738,246
E02006735,246
E02002913,246
E02006720,246
E02006717,246
E02006714,246
E02006711,246
E02002923,246
E02006757,246
E02006754,246
E02006751,246
E02006745,246
E02006742,246
E02006739,246
E02006736,246
E02006718,246
E02006715,246
E02006712,246
E02006752,246
E02006749,246
E02006746,246
E02006743,246
E02006740,246
E02006737,246
E02006763,247
E02006760,247
E02006764,247
E02006761,247
E02006758,247
E02006765,247
E02006762,247
E02004615,247
E02006781,248
E02004058,249
E02001630,249
E02004046,249
E02001618,249
E02001679,249
E02001606,249
E02001664,249
E02001594,249
E02001527,249
E02001652,249
E02001582,249
E02001515,249
E02004065,249
E02001637,249
E02001570,249
E02001625,249
E02001558,249
E02004112,249
E02001613,249
E02001673,249
E02001601,249
E02001534,249
E02001659,249
E02001589,249
E02001522,249
E02004072,249
E02001647,249
E02006868,249
E02001510,249
E02004060,249
E02001632,249
E02004048,249
E02006844,249
E02001620,249
E02004106,249
E02001681,249
E02001608,249
E02001666,249
E02001596,249
E02001529,249
E02001654,249
E02001584,249
E02005838,249
E02004067,249
E02001639,249
E02001517,249
E02004055,249
E02001627,249
E02004114,249
E02001615,249
E02001675,249
E02001603,249
E02001536,249
E02001661,249
E02001591,249
E02005847,249
E02001524,249
E02001649,249
E02006803,249
E02001579,249
E02004062,249
E02001634,249
E02001512,249
E02001622,249
E02004109,249
E02001610,249
E02001670,249
E02001598,249
E02001531,249
E02001656,249
E02001586,249
E02005840,249
E02004069,249
E02001642,249
E02001519,249
E02004057,249
E02001629,249
E02004116,249
E02004045,249
E02001617,249
E02001678,249
E02001605,249
E02001538,249
E02001663,249
E02001593,249
E02001526,249
E02001651,249
E02001581,249
E02001514,249
E02004064,249
E02001636,249
E02001569,249
E02001624,249
E02004111,249
E02006903,249
E02001612,249
E02001672,249
E02001600,249
E02001533,249
E02001658,249
E02005843,249
E02001588,249
E02001521,249
E02001646,249
E02004071,249
E02004059,249
E02001631,249
E02004047,249
E02006843,249
E02001619,249
E02004105,249
E02001680,249
E02001607,249
E02001665,249
E02001595,249
E02001528,249
E02001653,249
E02001583,249
E02001516,249
E02004066,249
E02001638,249
E02001626,249
E02004113,249
E02001614,249
E02001674,249
E02001602,249
E02001535,249
E02001660,249
E02005846,249
E02001590,249
E02001523,249
E02001648,249
E02001578,249
E02006869,249
E02004061,249
E02001633,249
E02001511,249
E02004073,249
E02004049,249
E02001621,249
E02004108,249
E02001609,249
E02001669,249
E02001597,249
E02001530,249
E02001655,249
E02001585,249
E02001518,249
E02004068,249
E02001640,249
E02001573,249
E02004056,249
E02001628,249
E02004115,249
E02001616,249
E02001676,249
E02001604,249
E02001537,249
E02001662,249
E02001592,249
E02005848,249
E02001525,249
E02001650,249
E02001580,249
E02006804,249
E02004063,249
E02001635,249
E02001568,249
E02001513,249
E02001623,249
E02004110,249
E02001611,249
E02001671,249
E02001599,249
E02001532,249
E02001657,249
E02001587,249
E02001520,249
E02004070,249
E02001643,249
E02005369,250
E02005362,250
E02005356,250
E02005350,250
E02005415,250
E02005344,250
E02005406,250
E02005338,250
E02005400,250
E02002858,250
E02002852,250
E02006818,250
E02002845,250
E02005382,250
E02002837,250
E02005376,250
E02002831,250
E02005370,250
E02005363,250
E02005357,250
E02005351,250
E02005416,250
E02005345,250
E02005407,250
E02005339,250
E02005401,250
E02002860,250
E02002853,250
E02006819,250
E02002846,250
E02002838,250
E02005377,250
E02002832,250
E02005371,250
E02005364,250
E02005358,250
E02006850,250
E02005352,250
E02006911,250
E02005346,250
E02005340,250
E02002861,250
E02005334,250
E02002854,250
E02006820,250
E02002847,250
E02002839,250
E02005378,250
E02002833,250
E02005372,250
E02002827,250
E02005365,250
E02005359,250
E02006851,250
E02005353,250
E02005347,250
E02005409,250
E02005341,250
E02005403,250
E02002862,250
E02005335,250
E02002855,250
E02002848,250
E02006815,250
E02002842,250
E02005379,250
E02002834,250
E02005373,250
E02002828,250
E02005366,250
E02005360,250
E02005354,250
E02005348,250
E02005412,250
E02005342,250
E02005336,250
E02002856,250
E02002849,250
E02006816,250
E02002843,250
E02005380,250
E02002835,250
E02005374,250
E02002829,250
E02005368,250
E02005361,250
E02005355,250
E02005619,250
E02005349,250
E02005414,250
E02005343,250
E02005405,250
E02005337,250
E02002857,250
E02002851,250
E02006817,250
E02002844,250
E02005381,250
E02002836,250
E02005375,250
E02002830,250
E02005026,251
E02005022,251
E02005019,251
E02005016,251
E02005013,251
E02005010,251
E02005046,251
E02006856,251
E02005025,251
E02005021,251
E02005018,251
E02005015,251
E02005012,251
E02005131,251
E02006855,251
E02005027,251
E02005023,251
E02005020,251
E02005017,251
E02005014,251
E02005011,251
E02005041,251
E02006870,252
E02002298,253
E02005817,253
E02002353,253
E02002219,253
E02002412,253
E02002274,253
E02002468,253
E02002329,253
E02002195,253
E02002388,253
E02002250,253
E02002444,253
E02002305,253
E02006861,253
E02002361,253
E02002226,253
E02002420,253
E02002281,253
E02002475,253
E02002336,253
E02002202,253
E02002395,253
E02002257,253
E02002451,253
E02002312,253
E02002369,253
E02002233,253
E02002427,253
E02002288,253
E02002482,253
E02002343,253
E02002209,253
E02002402,253
E02002264,253
E02002458,253
E02002319,253
E02006875,253
E02002377,253
E02002185,253
E02002240,253
E02002434,253
E02002295,253
E02002350,253
E02002216,253
E02002409,253
E02002271,253
E02002465,253
E02002326,253
E02002192,253
E02002385,253
E02002247,253
E02002441,253
E02002302,253
E02002358,253
E02002223,253
E02002417,253
E02002278,253
E02002472,253
E02002333,253
E02002199,253
E02002392,253
E02002254,253
E02002448,253
E02002309,253
E02002366,253
E02002230,253
E02002424,253
E02005747,253
E02002285,253
E02002479,253
E02002340,253
E02002206,253
E02002399,253
E02002261,253
E02002455,253
E02002316,253
E02002374,253
E02002237,253
E02002431,253
E02002292,253
E02002347,253
E02002213,253
E02002406,253
E02002268,253
E02002462,253
E02002323,253
E02002189,253
E02002382,253
E02002244,253
E02002438,253
E02002299,253
E02005818,253
E02002354,253
E02002220,253
E02002414,253
E02002275,253
E02002469,253
E02002330,253
E02002196,253
E02002389,253
E02002251,253
E02002445,253
E02002306,253
E02002362,253
E02002227,253
E02002421,253
E02002282,253
E02002476,253
E02002337,253
E02002203,253
E02002396,253
E02002258,253
E02002452,253
E02002313,253
E02002370,253
E02002234,253
E02002428,253
E02002289,253
E02002344,253
E02002210,253
E02002403,253
E02002459,253
E02002320,253
E02006876,253
E02002379,253
E02002186,253
E02002241,253
E02002435,253
E02002296,253
E02006852,253
E02002351,253
E02002217,253
E02002410,253
E02002272,253
E02002466,253
E02002327,253
E02002193,253
E02002386,253
E02002248,253
E02002442,253
E02002303,253
E02002359,253
E02002224,253
E02002418,253
E02002279,253
E02002473,253
E02002334,253
E02002200,253
E02002393,253
E02002255,253
E02002449,253
E02002310,253
E02002367,253
E02002231,253
E02002425,253
E02005748,253
E02002286,253
E02002480,253
E02002341,253
E02002207,253
E02002400,253
E02002262,253
E02002456,253
E02002317,253
E02002183,253
E02002375,253
E02002238,253
E02002432,253
E02002293,253
E02005812,253
E02002348,253
E02002214,253
E02002407,253
E02002269,253
E02002463,253
E02002324,253
E02002190,253
E02002383,253
E02002245,253
E02002439,253
E02002300,253
E02002356,253
E02002221,253
E02002415,253
E02002276,253
E02002470,253
E02002331,253
E02002197,253
E02002390,253
E02002252,253
E02002446,253
E02002307,253
E02002363,253
E02002228,253
E02002422,253
E02005745,253
E02002283,253
E02002477,253
E02002338,253
E02002204,253
E02002397,253
E02002259,253
E02002453,253
E02002314,253
E02002371,253
E02002235,253
E02002429,253
E02002290,253
E02005809,253
E02002345,253
E02002211,253
E02002404,253
E02002266,253
E02002460,253
E02002321,253
E02002187,253
E02002380,253
E02002242,253
E02002436,253
E02002297,253
E02002352,253
E02002218,253
E02002411,253
E02002273,253
E02002467,253
E02002328,253
E02002194,253
E02002387,253
E02002249,253
E02002443,253
E02002304,253
E02002360,253
E02002225,253
E02002419,253
E02002280,253
E02002474,253
E02002335,253
E02002201,253
E02002394,253
E02002450,253
E02002311,253
E02002368,253
E02001509,253
E02002232,253
E02002426,253
E02005749,253
E02002287,253
E02002481,253
E02002342,253
E02002208,253
E02002401,253
E02002263,253
E02002457,253
E02002318,253
E02002184,253
E02002376,253
E02002239,253
E02002433,253
E02002294,253
E02002349,253
E02002215,253
E02002408,253
E02002270,253
E02002464,253
E02002325,253
E02002191,253
E02002384,253
E02002246,253
E02002440,253
E02002301,253
E02002357,253
E02002222,253
E02002416,253
E02002277,253
E02002471,253
E02002332,253
E02002198,253
E02002391,253
E02002253,253
E02002447,253
E02002308,253
E02002364,253
E02002229,253
E02002423,253
E02005746,253
E02002284,253
E02002478,253
E02002339,253
E02002205,253
E02002398,253
E02002260,253
E02002454,253
E02002315,253
E02002373,253
E02002236,253
E02002430,253
E02002291,253
E02005810,253
E02002346,253
E02002212,253
E02002405,253
E02002267,253
E02002461,253
E02002322,253
E02002188,253
E02002381,253
E02002243,253
E02002437,253
E02006891,254
E02006892,254
E02002691,254
E02002107,255
E02006147,255
E02002162,255
E02001828,255
E02006013,255
E02002026,255
E02001884,255
E02002082,255
E02006774,255
E02001946,255
E02002138,255
E02006123,255
E02006178,255
E02002002,255
E02001860,255
E02002058,255
E02006506,255
E02001921,255
E02002114,255
E02006154,255
E02002169,255
E02001835,255
E02002033,255
E02006726,255
E02001895,255
E02002089,255
E02006130,255
E02002145,255
E02001953,255
E02006702,255
E02006185,255
E02001867,255
E02002065,255
E02002009,255
E02001928,255
E02002121,255
E02002178,255
E02001842,255
E02002040,255
E02006733,255
E02001902,255
E02002096,255
E02002152,255
E02006709,255
E02006899,255
E02001874,255
E02002072,255
E02002016,255
E02001935,255
E02002128,255
E02001849,255
E02002047,255
E02006223,255
E02001909,255
E02002104,255
E02006471,255
E02002159,255
E02002023,255
E02001881,255
E02002079,255
E02006771,255
E02001943,255
E02002135,255
E02006120,255
E02006175,255
E02001857,255
E02002055,255
E02001918,255
E02002111,255
E02006151,255
E02002166,255
E02001832,255
E02006723,255
E02002030,255
E02001890,255
E02002086,255
E02006778,255
E02001950,255
E02002142,255
E02006127,255
E02006699,255
E02002006,255
E02001864,255
E02002062,255
E02006182,255
E02001925,255
E02006810,255
E02002118,255
E02002175,255
E02001839,255
E02002037,255
E02006730,255
E02001899,255
E02002093,255
E02001957,255
E02002149,255
E02006706,255
E02006896,255
E02002013,255
E02002069,255
E02001871,255
E02001932,255
E02002125,255
E02002182,255
E02001846,255
E02002044,255
E02006220,255
E02001906,255
E02002101,255
E02006468,255
E02002156,255
E02002020,255
E02001878,255
E02002076,255
E02006768,255
E02001939,255
E02002132,255
E02001854,255
E02002052,255
E02001914,255
E02002108,255
E02006148,255
E02002163,255
E02001829,255
E02002027,255
E02006014,255
E02001886,255
E02002083,255
E02006775,255
E02006124,255
E02002139,255
E02001947,255
E02006696,255
E02006179,255
E02001861,255
E02002059,255
E02002003,255
E02001922,255
E02006807,255
E02002115,255
E02006155,255
E02002170,255
E02001836,255
E02002034,255
E02006727,255
E02001896,255
E02002090,255
E02001954,255
E02002146,255
E02002010,255
E02006703,255
E02001868,255
E02002066,255
E02006186,255
E02001929,255
E02002122,255
E02002179,255
E02001843,255
E02006217,255
E02002041,255
E02001903,255
E02002097,255
E02002153,255
E02002017,255
E02006900,255
E02001875,255
E02002073,255
E02001936,255
E02002129,255
E02001850,255
E02002048,255
E02006224,255
E02001910,255
E02002160,255
E02002024,255
E02001882,255
E02002080,255
E02006772,255
E02001944,255
E02002136,255
E02006504,255
E02002000,255
E02006121,255
E02001858,255
E02006748,255
E02002056,255
E02001919,255
E02002112,255
E02006176,255
E02006152,255
E02002167,255
E02001833,255
E02006724,255
E02002031,255
E02001892,255
E02002087,255
E02006779,255
E02001951,255
E02002143,255
E02006128,255
E02002007,255
E02006700,255
E02001865,255
E02002063,255
E02006755,255
E02001926,255
E02002119,255
E02006183,255
E02002176,255
E02001840,255
E02002038,255
E02006731,255
E02001900,255
E02002094,255
E02002150,255
E02006707,255
E02006897,255
E02002014,255
E02002070,255
E02001872,255
E02001933,255
E02002126,255
E02001847,255
E02002045,255
E02006221,255
E02001907,255
E02002102,255
E02006469,255
E02002157,255
E02002021,255
E02001879,255
E02002077,255
E02006769,255
E02001941,255
E02002133,255
E02006118,255
E02001855,255
E02002053,255
E02001915,255
E02002109,255
E02006149,255
E02002164,255
E02001830,255
E02006721,255
E02002028,255
E02001888,255
E02002084,255
E02006776,255
E02001948,255
E02002140,255
E02006125,255
E02002004,255
E02006697,255
E02001862,255
E02002060,255
E02006180,255
E02001923,255
E02006808,255
E02002116,255
E02006156,255
E02002171,255
E02001837,255
E02002035,255
E02006728,255
E02001897,255
E02002091,255
E02001955,255
E02002147,255
E02006704,255
E02002011,255
E02001869,255
E02006187,255
E02002067,255
E02001930,255
E02002123,255
E02006894,255
E02002180,255
E02001844,255
E02002042,255
E02006218,255
E02001904,255
E02002098,255
E02002154,255
E02006522,255
E02002018,255
E02006901,255
E02001876,255
E02002074,255
E02001937,255
E02002130,255
E02001851,255
E02006225,255
E02002049,255
E02001911,255
E02002106,255
E02006473,255
E02006146,255
E02002161,255
E02001827,255
E02002025,255
E02001883,255
E02002081,255
E02006773,255
E02001945,255
E02002137,255
E02006505,255
E02006177,255
E02002001,255
E02001859,255
E02002057,255
E02006122,255
E02001920,255
E02002113,255
E02006153,255
E02002168,255
E02001834,255
E02002032,255
E02006725,255
E02001893,255
E02002088,255
E02006780,255
E02001952,255
E02002144,255
E02006129,255
E02006701,255
E02002008,255
E02001866,255
E02002064,255
E02006184,255
E02001927,255
E02002120,255
E02002177,255
E02001841,255
E02002039,255
E02006732,255
E02001901,255
E02002095,255
E02002151,255
E02002015,255
E02006898,255
E02001873,255
E02006708,255
E02002071,255
E02001934,255
E02002127,255
E02001848,255
E02002046,255
E02006222,255
E02001908,255
E02002103,255
E02002158,255
E02006009,255
E02002022,255
E02001880,255
E02002078,255
E02006770,255
E02001942,255
E02002134,255
E02006119,255
E02006174,255
E02001856,255
E02002054,255
E02001916,255
E02002110,255
E02006150,255
E02002165,255
E02001831,255
E02002029,255
E02006722,255
E02001889,255
E02002085,255
E02006777,255
E02006126,255
E02002141,255
E02006509,255
E02006698,255
E02002005,255
E02001863,255
E02002061,255
E02001949,255
E02001924,255
E02002117,255
E02006809,255
E02006157,255
E02002174,255
E02001838,255
E02006729,255
E02002036,255
E02001898,255
E02002092,255
E02006181,255
E02001956,255
E02002148,255
E02006705,255
E02002012,255
E02001870,255
E02002068,255
E02006895,255
E02001931,255
E02002124,255
E02002181,255
E02001845,255
E02002043,255
E02006219,255
E02001905,255
E02002099,255
E02002155,255
E02002019,255
E02001877,255
E02002075,255
E02006767,255
E02001938,255
E02002131,255
E02001852,255
E02002051,255
E02006226,255
E02001913,255
E02001059,256
E02001251,256
E02002632,256
E02001115,256
E02003868,256
E02001172,256
E02001033,256
E02001227,256
E02001091,256
E02001282,256
E02001148,256
E02001009,256
E02001203,256
E02001067,256
E02001258,256
E02001124,256
E02001313,256
E02000985,256
E02006916,256
E02001179,256
E02001040,256
E02001234,256
E02001098,256
E02004097,256
E02001155,256
E02001016,256
E02001210,256
E02002591,256
E02001074,256
E02001265,256
E02001131,256
E02001320,256
E02000992,256
E02001186,256
E02001047,256
E02003858,256
E02001241,256
E02001105,256
E02005284,256
E02001162,256
E02001023,256
E02001217,256
E02001081,256
E02001272,256
E02001138,256
E02000999,256
E02001193,256
E02001055,256
E02001248,256
E02003865,256
E02001112,256
E02001303,256
E02001169,256
E02001030,256
E02001224,256
E02001088,256
E02001279,256
E02001145,256
E02001006,256
E02001200,256
E02001064,256
E02001255,256
E02003872,256
E02001119,256
E02006913,256
E02001176,256
E02001037,256
E02001231,256
E02001095,256
E02001286,256
E02004094,256
E02001152,256
E02001013,256
E02001207,256
E02001071,256
E02001262,256
E02001128,256
E02001317,256
E02000989,256
E02001183,256
E02001044,256
E02001238,256
E02003855,256
E02001102,256
E02005279,256
E02001159,256
E02001020,256
E02001214,256
E02001078,256
E02001269,256
E02006872,256
E02001135,256
E02000996,256
E02001190,256
E02001051,256
E02001245,256
E02003862,256
E02001109,256
E02001166,256
E02001027,256
E02001221,256
E02001085,256
E02001276,256
E02001142,256
E02001003,256
E02001197,256
E02001061,256
E02001252,256
E02003869,256
E02001116,256
E02001173,256
E02001034,256
E02001228,256
E02001092,256
E02001283,256
E02001149,256
E02001010,256
E02001204,256
E02001068,256
E02001259,256
E02001125,256
E02001314,256
E02000986,256
E02006917,256
E02001180,256
E02001041,256
E02001235,256
E02001099,256
E02004098,256
E02001156,256
E02001017,256
E02001211,256
E02001075,256
E02001266,256
E02001132,256
E02000993,256
E02001187,256
E02001048,256
E02003859,256
E02001242,256
E02001106,256
E02005285,256
E02001163,256
E02001024,256
E02001218,256
E02002265,256
E02001082,256
E02001273,256
E02001139,256
E02001000,256
E02001194,256
E02003811,256
E02001056,256
E02001249,256
E02003866,256
E02001113,256
E02001170,256
E02001031,256
E02001225,256
E02001089,256
E02001280,256
E02001146,256
E02001007,256
E02001201,256
E02001065,256
E02001256,256
E02003873,256
E02001121,256
E02001311,256
E02006914,256
E02001177,256
E02001038,256
E02001232,256
E02001096,256
E02004095,256
E02001153,256
E02001014,256
E02001208,256
E02001072,256
E02001263,256
E02001129,256
E02000990,256
E02001184,256
E02001045,256
E02001239,256
E02003856,256
E02001103,256
E02005280,256
E02001160,256
E02001021,256
E02001215,256
E02001079,256
E02001270,256
E02001136,256
E02000997,256
E02001191,256
E02001052,256
E02001246,256
E02003863,256
E02001110,256
E02001167,256
E02001028,256
E02001222,256
E02001086,256
E02001277,256
E02001143,256
E02001004,256
E02001198,256
E02001062,256
E02001253,256
E02003870,256
E02001117,256
E02001308,256
E02001174,256
E02001035,256
E02001229,256
E02002610,256
E02001093,256
E02001284,256
E02001150,256
E02001011,256
E02001205,256
E02001069,256
E02001260,256
E02001126,256
E02001315,256
E02000987,256
E02001181,256
E02001042,256
E02003853,256
E02001236,256
E02001100,256
E02004100,256
E02001157,256
E02001018,256
E02001212,256
E02001076,256
E02001267,256
E02001133,256
E02000994,256
E02001188,256
E02001049,256
E02001243,256
E02003860,256
E02001107,256
E02005286,256
E02001164,256
E02001025,256
E02001219,256
E02001083,256
E02001274,256
E02001140,256
E02001001,256
E02001195,256
E02001057,256
E02001250,256
E02003867,256
E02001114,256
E02001305,256
E02001171,256
E02001032,256
E02001226,256
E02001090,256
E02001281,256
E02001147,256
E02006884,256
E02001008,256
E02001202,256
E02001066,256
E02001257,256
E02001123,256
E02006860,256
E02000984,256
E02006915,256
E02001178,256
E02001039,256
E02001233,256
E02001097,256
E02004096,256
E02001154,256
E02001015,256
E02001209,256
E02001073,256
E02001264,256
E02002256,256
E02001130,256
E02001319,256
E02000991,256
E02001185,256
E02001046,256
E02003857,256
E02001240,256
E02001104,256
E02005281,256
E02001161,256
E02001022,256
E02001216,256
E02001080,256
E02001271,256
E02001137,256
E02000998,256
E02001192,256
E02001053,256
E02003864,256
E02001247,256
E02001111,256
E02001302,256
E02001168,256
E02001029,256
E02001223,256
E02001087,256
E02001278,256
E02001144,256
E02001005,256
E02001199,256
E02001063,256
E02001254,256
E02003871,256
E02001118,256
E02001309,256
E02001175,256
E02006912,256
E02001036,256
E02001230,256
E02001094,256
E02001285,256
E02004093,256
E02001151,256
E02001012,256
E02001206,256
E02001070,256
E02001261,256
E02001127,256
E02001316,256
E02000988,256
E02001182,256
E02001043,256
E02001237,256
E02003854,256
E02001101,256
E02005278,256
E02001158,256
E02001019,256
E02001213,256
E02001077,256
E02001268,256
E02001134,256
E02001323,256
E02000995,256
E02001189,256
E02001050,256
E02003861,256
E02001244,256
E02001108,256
E02006902,256
E02001165,256
E02001026,256
E02001220,256
E02001084,256
E02001275,256
E02001141,256
E02001002,256
E02001196,256
E02002896,257
E02005889,257
E02002884,257
E02004117,257
E02005877,257
E02002872,257
E02005864,257
E02004033,257
E02004090,257
E02005850,257
E02005920,257
E02005908,257
E02002904,257
E02005824,257
E02002891,257
E02004053,257
E02005884,257
E02002879,257
E02006904,257
E02005872,257
E02004040,257
E02005859,257
E02005915,257
E02004085,257
E02005831,257
E02002898,257
E02005891,257
E02005819,257
E02002886,257
E02005879,257
E02002874,257
E02005866,257
E02004035,257
E02004092,257
E02005852,257
E02005910,257
E02004080,257
E02005898,257
E02005826,257
E02002893,257
E02005886,257
E02002881,257
E02005874,257
E02006906,257
E02002868,257
E02004043,257
E02005861,257
E02006827,257
E02004030,257
E02005917,257
E02004087,257
E02005391,257
E02005905,257
E02005833,257
E02002901,257
E02004074,257
E02005893,257
E02005821,257
E02002888,257
E02004050,257
E02005881,257
E02002876,257
E02005869,257
E02006834,257
E02004037,257
E02005398,257
E02005856,257
E02005912,257
E02004082,257
E02005900,257
E02005828,257
E02002895,257
E02005888,257
E02002883,257
E02005876,257
E02002871,257
E02005863,257
E02004032,257
E02004089,257
E02005919,257
E02005907,257
E02002903,257
E02005823,257
E02002890,257
E02004052,257
E02005883,257
E02002878,257
E02005871,257
E02004039,257
E02005858,257
E02005914,257
E02004084,257
E02005830,257
E02002897,257
E02005890,257
E02002885,257
E02005878,257
E02002873,257
E02005865,257
E02004034,257
E02004091,257
E02005851,257
E02005909,257
E02004078,257
E02005897,257
E02005825,257
E02002892,257
E02004054,257
E02005885,257
E02002880,257
E02006905,257
E02005873,257
E02004041,257
E02005860,257
E02004029,257
E02005916,257
E02005832,257
E02002899,257
E02005892,257
E02005820,257
E02002887,257
E02005880,257
E02002875,257
E02005868,257
E02004036,257
E02005397,257
E02005853,257
E02005911,257
E02005827,257
E02002894,257
E02005887,257
E02002882,257
E02005875,257
E02002869,257
E02005862,257
E02006828,257
E02004031,257
E02004088,257
E02005918,257
E02005906,257
E02005834,257
E02002902,257
E02005894,257
E02005822,257
E02002889,257
E02005882,257
E02004051,257
E02002877,257
E02005870,257
E02006835,257
E02004038,257
E02005857,257
E02005913,257
E02004083,257
E02005829,257
E02001441,258
E02001306,258
E02001496,258
E02001361,258
E02002608,258
E02003844,258
E02001417,258
E02001472,258
E02001337,258
E02002584,258
E02001393,258
E02003875,258
E02001448,258
E02001503,258
E02001368,258
E02003851,258
E02001424,258
E02001289,258
E02001479,258
E02001344,258
E02001400,258
E02001455,258
E02005308,258
E02001375,258
E02001296,258
E02001486,258
E02001351,258
E02002598,258
E02001407,258
E02001462,258
E02005315,258
E02001327,258
E02002574,258
E02001383,258
E02001493,258
E02001358,258
E02002605,258
E02003841,258
E02001414,258
E02001469,258
E02001334,258
E02002581,258
E02001390,258
W02000061,258
E02001445,258
E02001310,258
E02001500,258
E02001365,258
E02002612,258
E02003848,258
E02001421,258
E02001476,258
E02001341,258
E02002588,258
E02001397,258
E02001452,258
E02001507,258
E02001372,258
E02001428,258
E02001293,258
E02001483,258
E02001348,258
E02002595,258
E02001404,258
E02001459,258
E02005312,258
E02001324,258
E02001380,258
E02001300,258
E02001490,258
E02001355,258
E02002602,258
E02001411,258
E02001466,258
E02001331,258
E02002578,258
E02001387,258
E02001442,258
E02001307,258
E02001497,258
E02001362,258
E02002609,258
E02003845,258
E02001418,258
E02001473,258
E02001338,258
E02002585,258
E02001394,258
E02001449,258
E02001504,258
E02001369,258
E02003852,258
E02001425,258
E02001290,258
E02001480,258
E02001345,258
E02002592,258
E02001401,258
E02001456,258
E02005309,258
E02001321,258
E02001376,258
E02001297,258
E02001487,258
E02001352,258
E02002599,258
E02001408,258
E02001463,258
E02005316,258
E02001328,258
E02002575,258
E02006932,258
E02001384,258
E02001439,258
E02001304,258
E02001494,258
E02001359,258
E02002606,258
E02003842,258
E02001415,258
E02001470,258
E02001335,258
E02002582,258
E02001391,258
E02001446,258
E02001501,258
E02003794,258
E02001366,258
E02002613,258
E02003849,258
E02001422,258
E02001287,258
E02001477,258
E02001342,258
E02002589,258
E02001398,258
E02001453,258
E02005306,258
E02001318,258
E02001508,258
E02001373,258
E02001294,258
E02001484,258
E02001349,258
E02002596,258
E02001405,258
E02001460,258
E02005313,258
E02001325,258
E02001381,258
E02001301,258
E02001491,258
E02001356,258
E02002603,258
E02001412,258
E02001467,258
E02001332,258
E02002579,258
E02001388,258
W02000059,258
E02001443,258
E02001498,258
E02001363,258
E02003846,258
E02001419,258
E02001474,258
E02001339,258
E02002586,258
E02001395,258
E02003877,258
E02001450,258
E02001505,258
E02001370,258
E02001426,258
E02001291,258
E02001481,258
E02001346,258
E02002593,258
E02001402,258
E02001457,258
E02005310,258
E02001322,258
E02001377,258
E02001298,258
E02001488,258
E02001353,258
E02002600,258
E02001409,258
E02001464,258
E02005317,258
E02001329,258
E02002576,258
E02006933,258
E02001385,258
E02001440,258
E02001495,258
E02001360,258
E02002607,258
E02003843,258
E02001416,258
E02001471,258
E02001336,258
E02002583,258
E02001392,258
W02000063,258
E02001447,258
E02003874,258
E02001312,258
E02001502,258
E02001367,258
E02002614,258
E02003850,258
E02001423,258
E02001288,258
E02001478,258
E02001343,258
E02002590,258
E02001399,258
E02001454,258
E02005307,258
E02001374,258
E02001295,258
E02001485,258
E02001350,258
E02002597,258
E02001406,258
E02001461,258
E02005314,258
E02001326,258
E02001382,258
E02001492,258
E02001357,258
E02002604,258
E02001413,258
E02001468,258
E02001333,258
E02002580,258
E02001389,258
W02000060,258
E02001444,258
E02001499,258
E02001364,258
E02002611,258
E02003847,258
E02001420,258
E02001475,258
E02001340,258
E02002587,258
E02001396,258
E02001451,258
E02001506,258
E02001371,258
E02001427,258
E02001292,258
E02001482,258
E02001347,258
E02002594,258
E02001403,258
E02001458,258
E02005311,258
E02001378,258
E02001299,258
E02001489,258
E02001354,258
E02002601,258
E02001410,258
E02001465,258
E02005318,258
E02001330,258
E02002577,258
E02006934,258
E02001386,258
W02000001,259
W02000003,260
W02000004,260
W02000007,261
W02000010,262
W02000014,262
W02000011,262
W02000008,262
W02000005,262
W02000002,262
W02000012,262
W02000009,262
W02000006,262
W02000013,262
W02000015,263
W02000016,263
W02000017,263
W02000018,264
W02000019,265
W02000020,266
W02000021,267
W02000022,268
W02000023,269
W02000024,270
W02000025,271
W02000026,272
W02000039,273
W02000033,273
W02000030,273
W02000027,273
W02000040,273
W02000037,273
W02000034,273
W02000028,273
W02000038,273
W02000035,273
W02000032,273
W02000029,273
W02000041,274
W02000042,275
W02000036,275
W02000051,275
W02000047,275
W02000043,275
W02000058,275
W02000049,275
W02000044,275
W02000031,275
W02000419,275
W02000050,275
W02000045,275
W02000052,276
W02000053,276
W02000054,277
W02000055,277
W02000056,278
W02000094,279
W02000420,279
W02000088,279
W02000085,279
W02000082,279
W02000077,279
W02000057,279
W02000091,279
W02000096,279
W02000093,279
W02000090,279
W02000087,279
W02000084,279
W02000081,279
W02000095,279
W02000092,279
W02000089,279
W02000086,279
W02000083,279
W02000080,279
E02006023,279
E02006017,279
E02003810,279
W02000097,280
W02000098,281
W02000099,281
W02000101,281
W02000100,282
W02000102,283
W02000104,283
W02000103,283
W02000105,283
W02000106,284
W02000107,285
W02000108,286
W02000109,286
W02000110,287
W02000111,288
W02000113,289
W02000414,289
W02000117,290
W02000116,290
W02000118,290
W02000421,290
W02000120,291
W02000122,292
W02000123,293
W02000124,294
W02000125,295
W02000126,296
W02000127,297
W02000128,298
W02000130,299
W02000129,299
W02000131,299
W02000133,299
W02000132,300
W02000138,301
W02000135,301
W02000140,301
W02000137,301
W02000134,301
W02000139,301
W02000136,302
W02000141,302
W02000142,303
W02000143,304
W02000144,305
W02000146,306
W02000149,306
W02000148,306
W02000147,306
W02000193,307
W02000187,307
W02000181,307
W02000175,307
W02000169,307
W02000163,307
W02000157,307
W02000416,307
W02000219,307
W02000213,307
W02000207,307
W02000201,307
W02000194,307
W02000188,307
W02000182,307
W02000176,307
W02000170,307
W02000164,307
W02000158,307
W02000417,307
W02000151,307
W02000214,307
W02000208,307
W02000202,307
W02000195,307
W02000189,307
W02000183,307
W02000177,307
W02000171,307
W02000165,307
W02000159,307
W02000152,307
W02000215,307
W02000145,307
W02000209,307
W02000203,307
W02000196,307
W02000190,307
W02000184,307
W02000178,307
W02000172,307
W02000166,307
W02000160,307
W02000153,307
W02000216,307
W02000210,307
W02000204,307
W02000197,307
W02000191,307
W02000185,307
W02000179,307
W02000173,307
W02000167,307
W02000161,307
W02000154,307
W02000217,307
W02000211,307
W02000205,307
W02000198,307
W02000192,307
W02000186,307
W02000180,307
W02000174,307
W02000168,307
W02000162,307
W02000156,307
W02000218,307
W02000212,307
W02000206,307
W02000200,307
W02000229,308
W02000226,308
W02000223,308
W02000237,308
W02000234,308
W02000231,308
W02000228,308
W02000225,308
W02000222,308
W02000236,308
W02000233,308
W02000230,308
W02000227,308
W02000224,308
W02000221,308
W02000235,308
W02000232,308
W02000339,309
W02000326,310
W02000363,310
W02000360,310
W02000357,310
W02000354,310
W02000351,310
W02000348,310
W02000333,310
W02000330,310
W02000327,310
W02000364,310
W02000361,310
W02000358,310
W02000355,310
W02000352,310
W02000349,310
W02000346,310
W02000340,310
W02000334,310
W02000331,310
W02000328,310
W02000325,310
W02000365,310
W02000359,310
W02000356,310
W02000353,310
W02000350,310
W02000347,310
W02000341,310
W02000335,310
W02000332,310
W02000329,310
W02000390,311
W02000323,311
W02000255,311
W02000378,311
W02000311,311
W02000243,311
W02000366,311
W02000299,311
W02000422,311
W02000287,311
W02000409,311
W02000274,311
W02000397,311
W02000262,311
W02000385,311
W02000318,311
W02000250,311
W02000373,311
W02000306,311
W02000238,311
W02000294,311
W02000281,311
W02000404,311
W02000337,311
W02000269,311
W02000392,311
W02000257,311
W02000380,311
W02000313,311
W02000245,311
W02000368,311
W02000301,311
W02000289,311
W02000411,311
W02000276,311
W02000399,311
W02000264,311
W02000387,311
W02000320,311
W02000252,311
W02000375,311
W02000308,311
W02000240,311
W02000296,311
W02000284,311
W02000406,311
W02000271,311
W02000394,311
W02000259,311
W02000382,311
W02000315,311
W02000247,311
W02000370,311
W02000303,311
W02000291,311
W02000278,311
W02000401,311
W02000266,311
W02000389,311
W02000322,311
W02000254,311
W02000377,311
W02000310,311
W02000242,311
W02000114,311
W02000298,311
W02000286,311
W02000408,311
W02000273,311
W02000396,311
W02000261,311
W02000384,311
W02000317,311
W02000249,311
W02000372,311
W02000305,311
W02000293,311
W02000280,311
W02000403,311
W02000336,311
W02000268,311
W02000391,311
W02000324,311
W02000256,311
W02000379,311
W02000312,311
W02000244,311
W02000367,311
W02000300,311
W02000423,311
W02000288,311
W02000220,311
W02000410,311
W02000275,311
W02000398,311
W02000263,311
W02000386,311
W02000319,311
W02000251,311
W02000374,311
W02000307,311
W02000239,311
W02000362,311
W02000295,311
W02000282,311
W02000405,311
W02000338,311
W02000270,311
W02000393,311
W02000258,311
W02000381,311
W02000314,311
W02000246,311
W02000369,311
W02000302,311
W02000290,311
W02000412,311
W02000277,311
W02000400,311
W02000265,311
W02000388,311
W02000321,311
W02000253,311
W02000376,311
W02000309,311
W02000241,311
W02000297,311
W02000285,311
W02000407,311
W02000272,311
W02000395,311
W02000260,311
W02000383,311
W02000316,311
W02000248,311
W02000371,311
W02000304,311
W02000292,311
W02000415,311
W02000279,311
W02000402,311
W02000267,311
W02000418,312
